-- phpMyAdmin SQL Dump
-- version 4.7.0
-- https://www.phpmyadmin.net/
--
-- Hôte : 127.0.0.1
-- Généré le :  sam. 30 déc. 2017 à 13:32
-- Version du serveur :  10.1.25-MariaDB
-- Version de PHP :  7.1.7

SET SQL_MODE = "NO_AUTO_VALUE_ON_ZERO";
SET AUTOCOMMIT = 0;
START TRANSACTION;
SET time_zone = "+00:00";


/*!40101 SET @OLD_CHARACTER_SET_CLIENT=@@CHARACTER_SET_CLIENT */;
/*!40101 SET @OLD_CHARACTER_SET_RESULTS=@@CHARACTER_SET_RESULTS */;
/*!40101 SET @OLD_COLLATION_CONNECTION=@@COLLATION_CONNECTION */;
/*!40101 SET NAMES utf8mb4 */;

--
-- Base de données :  `bd_1`
--

-- --------------------------------------------------------

--
-- Structure de la table `catégories`
--

CREATE TABLE `catégories` (
  `Code catégorie` int(11) NOT NULL COMMENT 'Code assigné automatiquement à une nouvelle catégorie.',
  `Nom de catégorie` text NOT NULL COMMENT 'Nom de la catégorie de produit.',
  `Description` text NOT NULL,
  `Illustration` text NOT NULL COMMENT 'Image représentant la catégorie de produit.'
) ENGINE=InnoDB DEFAULT CHARSET=latin1;

--
-- Déchargement des données de la table `catégories`
--

INSERT INTO `catégories` (`Code catégorie`, `Nom de catégorie`, `Description`, `Illustration`) VALUES
(1, 'Boissons', 'Boissons, cafés, thés, bières', ''),
(2, 'Condiments', 'Sauces, assaisonnements et épices', ''),
(3, 'Desserts', 'Desserts et friandises', ''),
(4, 'Produits laitiers', 'Fromages', ''),
(5, 'Pâtes et céréales', 'Pains, biscuits, pâtes et céréales', ''),
(6, 'Viandes', 'Viandes préparées', ''),
(7, 'Produits secs', 'Fruits secs, raisins, autres', ''),
(8, 'Poissons et fruits de mer', 'Poissons, fruits de mer, escargots', '');

-- --------------------------------------------------------

--
-- Structure de la table `clients`
--

CREATE TABLE `clients` (
  `Code client` varchar(5) NOT NULL COMMENT 'Code unique de cinq caractères basé sur le nom du client.',
  `Société` text NOT NULL,
  `Contact` text NOT NULL,
  `Fonction` text NOT NULL,
  `Adresse` text NOT NULL,
  `Ville` text NOT NULL,
  `Région` text NOT NULL,
  `Code postal` text NOT NULL,
  `Pays` text NOT NULL,
  `Téléphone` text NOT NULL,
  `Fax` text NOT NULL
) ENGINE=InnoDB DEFAULT CHARSET=latin1;

--
-- Déchargement des données de la table `clients`
--

INSERT INTO `clients` (`Code client`, `Société`, `Contact`, `Fonction`, `Adresse`, `Ville`, `Région`, `Code postal`, `Pays`, `Téléphone`, `Fax`) VALUES
('', '', '', '', '', '', '', '', '', '', ''),
('122', '1222', '222', '22', '2', '2', '22', '', '2', '2', '22'),
('44', '', '', '', '', '', '', '', '', '', ''),
('55', '555', '55', '55', '55', '5', '55', '5', '5', '55', '5'),
('555', '555', '45', '454', '54', '545', '45', '45', '45', '45', '454'),
('55555', '5555 555', '555', '555', '55', '555', '555', '', '555', '555', '555'),
('ALFKI', 'Alfreds Futterkiste', 'Maria Anders', 'Représentant(e)', 'Obere Str. 57', 'Berlin', '', '12209', 'Allemagne', '030-0074321', '030-0076545'),
('ANATR', 'Ana Trujillo Emparedados y helados', 'Ana Trujillo', 'Propriétaire', 'Avda. de la Constitución 2222', 'México D.F.', '', '05021', 'Mexique', '(5) 555-4729', '(5) 555-3745'),
('ANTON', 'Antonio Moreno Taquería', 'Antonio Moreno', 'Propriétaire', 'Mataderos  2312', 'México D.F.', '', '05023', 'Mexique', '(5) 555-3932', ''),
('AROUT', 'Around the Horn', 'Thomas Hardy', 'Représentant(e)', '120 Hanover Sq.', 'London', '', 'WA1 1DP', 'Royaume-Uni', '(71) 555-7788', '(71) 555-6750'),
('asd', 'asdaslk', 'jlk', 'jlkj', 'lkj', 'lkj', 'lkj', 'lk', 'lkj', 'jlk', 'jlkj'),
('BERGS', 'Berglunds snabbköp', 'Christina Berglund', 'Acheteur', 'Berguvsvägen  8', 'Luleå', '', 'S-958 22', 'Suède', '0921-12 34 65', '0921-12 34 67'),
('BLAUS', 'Blauer See Delikatessen', 'Hanna Moos', 'Représentant(e)', 'Forsterstr. 57', 'Mannheim', '', '68306', 'Allemagne', '0621-08460', '0621-08924'),
('BLONP', 'Blondel père et fils', 'Frédérique Citeaux', 'Directeur du marketing', '24, place Kléber', 'Strasbourg', '', '67000', 'France', '03.88.60.15.31', '03.88.60.15.32'),
('BOLID', 'Bólido Comidas preparadas', 'Martín Sommer', 'Propriétaire', 'C/ Araquil, 67', 'Madrid', '', '28023', 'Espagne', '(91) 555 22 82', '(91) 555 91 99'),
('BONAP', 'Bon app\'', 'Laurence Lebihan', 'Propriétaire', '12, rue des Bouchers', 'Marseille', '', '13008', 'France', '04.91.24.45.40', '04.91.24.45.41'),
('BOTTM', 'Bottom-Dollar Markets', 'Elizabeth Lincoln', 'Chef comptable', '23 Tsawassen Blvd.', 'Tsawassen', 'BC', 'T2F 8M4', 'Canada', '(604) 555-4729', '(604) 555-3745'),
('BSBEV', 'B\'s Beverages', 'Victoria Ashworth', 'Représentant(e)', 'Fauntleroy Circus', 'London', '', 'EC2 5NT', 'Royaume-Uni', '(71) 555-1212', ''),
('CACTU', 'Cactus Comidas para llevar', 'Patricio Simpson', 'Assistant(e) des ventes', 'Cerrito 333', 'Buenos Aires', '', '1010', 'Argentine', '(1) 135-5555', '(1) 135-4892'),
('CENTC', 'Centro comercial Moctezuma', 'Francisco Chang', 'Directeur du marketing', 'Sierras de Granada 9993', 'México D.F.', '', '05022', 'Mexique', '(5) 555-3392', '(5) 555-7293'),
('CHOPS', 'Chop-suey Chinese', 'Yang Wang', 'Propriétaire', 'Hauptstr. 29', 'Bern', '', '3012', 'Suisse', '0452-076545', ''),
('COMMI', 'Comércio Mineiro', 'Pedro Afonso', 'Assistant(e) des ventes', 'Av. dos Lusíadas, 23', 'São Paulo', 'SP', '05432-043', 'Brésil', '(11) 555-7647', ''),
('CONSH', 'Consolidated Holdings', 'Elizabeth Brown', 'Représentant(e)', 'Berkeley Gardens\r\n12  Brewery', 'London', '', 'WX1 6LT', 'Royaume-Uni', '(71) 555-2282', '(71) 555-9199'),
('DRACD', 'Drachenblut Delikatessen', 'Sven Ottlieb', 'Acheteur', 'Walserweg 21', 'Aachen', '', '52066', 'Allemagne', '0241-039123', '0241-059428'),
('DUMON', 'Du monde entier', 'Janine Labrune', 'Propriétaire', '67, rue des Cinquante Otages', 'Nantes', '', '44000', 'France', '02.40.67.88.88', '02.40.67.89.89'),
('EASTC', 'Eastern Connection', 'Ann Devon', 'Assistant(e) des ventes', '35 King George', 'London', '', 'WX3 6FW', 'Royaume-Uni', '(71) 555-0297', '(71) 555-3373'),
('ERNSH', 'Ernst Handel', 'Roland Mendel', 'Chef des ventes', 'Kirchgasse 6', 'Graz', '', '8010', 'Autriche', '7675-3425', '7675-3426'),
('FAMIA', 'Familia Arquibaldo', 'Aria Cruz', 'Assistant(e) marketing', 'Rua Orós, 92', 'São Paulo', 'SP', '05442-030', 'Brésil', '(11) 555-9857', ''),
('FISSA', 'FISSA Fabrica Inter. Salchichas S.A.', 'Diego Roel', 'Chef comptable', 'C/ Moralzarzal, 86', 'Madrid', '', '28034', 'Espagne', '(91) 555 94 44', '(91) 555 55 93'),
('FOLIG', 'Folies gourmandes', 'Martine Rancé', 'Représentant(e)', '184, chaussée de Tournai', 'Lille', '', '59000', 'France', '03.20.16.10.16', '03.20.16.10.17'),
('FOLKO', 'Folk och fä HB', 'Maria Larsson', 'Propriétaire', 'Åkergatan 24', 'Bräcke', '', 'S-844 67', 'Suède', '0695-34 67 21', ''),
('FRANK', 'Frankenversand', 'Peter Franken', 'Directeur du marketing', 'Berliner Platz 43', 'München', '', '80805', 'Allemagne', '089-0877310', '089-0877451'),
('FRANR', 'France restauration', 'Carine Schmitt', 'Directeur du marketing', '54, rue Royale', 'Nantes', '', '44000', 'France', '02.40.32.21.21', '02.40.32.21.20'),
('FRANS', 'Franchi S.p.A.', 'Paolo Accorti', 'Représentant(e)', 'Via Monte Bianco 34', 'Torino', '', '10100', 'Italie', '011-4988260', '011-4988261'),
('FURIB', 'Furia Bacalhau e Frutos do Mar', 'Lino Rodriguez', 'Chef des ventes', 'Jardim das rosas n. 32', 'Lisboa', '', '1675', 'Portugal', '(1) 354-2534', '(1) 354-2535'),
('GALED', 'Galería del gastrónomo', 'Eduardo Saavedra', 'Directeur du marketing', 'Rambla de Cataluña, 23', 'Barcelona', '', '08022', 'Espagne', '(93) 203 4560', '(93) 203 4561'),
('gggdd', 'dcdscsdcsd', 'contactd', 'lolol', 'aderess', 'ville', 'resioh', '54255', 'pays', '+642544555', '+6523335411'),
('GODOS', 'Godos Cocina Típica', 'José Pedro Freyre', 'Chef des ventes', 'C/ Romero, 33', 'Sevilla', '', '41101', 'Espagne', '(95) 555 82 82', ''),
('GOURL', 'Gourmet Lanchonetes', 'André Fonseca', 'Assistant(e) des ventes', 'Av. Brasil, 442', 'Campinas', 'SP', '04876-786', 'Brésil', '(11) 555-9482', ''),
('GREAL', 'Great Lakes Food Market', 'Howard Snyder', 'Directeur du marketing', '2732 Baker Blvd.', 'Eugene', 'OR', '97403', 'États-Unis', '(503) 555-7555', ''),
('GROSR', 'GROSELLA-Restaurante', 'Manuel Pereira', 'Propriétaire', '5ª Ave. Los Palos Grandes', 'Caracas', 'DF', '1081', 'Venezuela', '(2) 283-2951', '(2) 283-3397'),
('HANAR', 'Hanari Carnes', 'Mario Pontes', 'Chef comptable', 'Rua do Paço, 67', 'Rio de Janeiro', 'RJ', '05454-876', 'Brésil', '(21) 555-0091', '(21) 555-8765'),
('HILAA', 'HILARIÓN-Abastos', 'Carlos Hernández', 'Représentant(e)', 'Carrera 22 con Ave. Carlos Soublette #8-35', 'San Cristóbal', 'Táchira', '5022', 'Venezuela', '(5) 555-1340', '(5) 555-1948'),
('HUNGC', 'Hungry Coyote Import Store', 'Yoshi Latimer', 'Représentant(e)', 'City Center Plaza\r\n516 Main St.', 'Elgin', 'OR', '97827', 'États-Unis', '(503) 555-6874', '(503) 555-2376'),
('HUNGO', 'Hungry Owl All-Night Grocers', 'Patricia McKenna', 'Assistant(e) des ventes', '8 Johnstown Road', 'Cork', 'Co. Cork', '', 'Irlande', '2967 542', '2967 3333'),
('ISLAT', 'Island Trading', 'Helen Bennett', 'Directeur du marketing', 'Garden House\r\nCrowther Way', 'Cowes', 'Isle of Wight', 'PO31 7PJ', 'Royaume-Uni', '(198) 555-8888', ''),
('KOENE', 'Königlich Essen', 'Philip Cramer', 'Assistant(e) des ventes', 'Maubelstr. 90', 'Brandenburg', '', '14776', 'Allemagne', '0555-09876', ''),
('LACOR', 'La corne d\'abondance', 'Daniel Tonini', 'Représentant(e)', '67, avenue de l\'Europe', 'Versailles', '', '78000', 'France', '01.30.59.84.10', '01.30.59.85.11'),
('LAMAI', 'La maison d\'Asie', 'Annette Roulet', 'Chef des ventes', '1 rue Alsace-Lorraine', 'Toulouse', '', '31000', 'France', '05.61.77.61.10', '05.61.77.61.11'),
('LAUGB', 'Laughing Bacchus Wine Cellars', 'Yoshi Tannamuri', 'Assistant(e) marketing', '1900 Oak St.', 'Vancouver', 'BC', 'V3F 2K1', 'Canada', '(604) 555-3392', '(604) 555-7293'),
('LAZYK', 'Lazy K Kountry Store', 'John Steel', 'Directeur du marketing', '12 Orchestra Terrace', 'Walla Walla', 'WA', '99362', 'États-Unis', '(509) 555-7969', '(509) 555-6221'),
('LEHMS', 'Lehmanns Marktstand', 'Renate Messner', 'Représentant(e)', 'Magazinweg 7', 'Frankfurt a.M.', '', '60528', 'Allemagne', '069-0245984', '069-0245874'),
('LETSS', 'Let\'s Stop N Shop', 'Jaime Yorres', 'Propriétaire', '87 Polk St.\r\nSuite 5', 'San Francisco', 'CA', '94117', 'États-Unis', '(415) 555-5938', ''),
('LILAS', 'LILA-Supermercado', 'Carlos González', 'Chef comptable', 'Carrera 52 con Ave. Bolívar #65-98 Llano Largo', 'Barquisimeto', 'Lara', '3508', 'Venezuela', '(9) 331-6954', '(9) 331-7256'),
('LINOD', 'LINO-Delicateses', 'Felipe Izquierdo', 'Propriétaire', 'Ave. 5 de Mayo Porlamar', 'I. de Margarita', 'Nueva Esparta', '4980', 'Venezuela', '(8) 34-56-12', '(8) 34-93-93'),
('LONEP', 'Lonesome Pine Restaurant', 'Fran Wilson', 'Chef des ventes', '89 Chiaroscuro Rd.', 'Portland', 'OR', '97219', 'États-Unis', '(503) 555-9573', '(503) 555-9646'),
('MAGAA', 'Magazzini Alimentari Riuniti', 'Giovanni Rovelli', 'Directeur du marketing', 'Via Ludovico il Moro 22', 'Bergamo', '', '24100', 'Italie', '035-640230', '035-640231'),
('MAISD', 'Maison Dewey', 'Catherine Dewey', 'Assistant(e) des ventes', 'Rue Joseph-Bens 532', 'Bruxelles', '', 'B-1180', 'Belgique', '(02) 201 24 67', '(02) 201 24 68'),
('MEREP', 'Mère Paillarde', 'Jean Fresnière', 'Assistant(e) marketing', '43 rue St. Laurent', 'Montréal', 'Québec', 'H1J 1C3', 'Canada', '(514) 555-8054', '(514) 555-8055'),
('moiso', 'moi societe', 'contact', 'fonction test', 'aderess', 'ville', 'resioh', '54255', 'pays', '444444', '+6523335411'),
('MORGK', 'Morgenstern Gesundkost', 'Alexander Feuer', 'Assistant(e) marketing', 'Heerstr. 22', 'Leipzig', '', '04179', 'Allemagne', '0342-023176', ''),
('nomsc', 'nom scoiete test', 'conatct test', 'fonction test', 'adress etst', 'ville test', 'region test', '55555', 'pays test', '444444', '666666'),
('nomso', 'nom societe', 'contact', 'fonctino', 'aderess', 'ville', 'resioh', '54255', 'pays', '+642544555', '+6523335411'),
('NORTS', 'North/South', 'Simon Crowther', 'Assistant(e) des ventes', 'South House\r\n300 Queensbridge', 'London', '', 'SW7 1RZ', 'Royaume-Uni', '(71) 555-7733', '(71) 555-2530'),
('OCEAN', 'Océano Atlántico Ltda.', 'Yvonne Moncada', 'Assistant(e) des ventes', 'Ing. Gustavo Moncada 8585\r\nPiso 20-A', 'Buenos Aires', '', '1010', 'Argentine', '(1) 135-5333', '(1) 135-5535'),
('OLDWO', 'Old World Delicatessen', 'Rene Phillips', 'Représentant(e)', '2743 Bering St.', 'Anchorage', 'AK', '99508', 'États-Unis', '(907) 555-7584', '(907) 555-2880'),
('OTTIK', 'Ottilies Käseladen', 'Henriette Pfalzheim', 'Propriétaire', 'Mehrheimerstr. 369', 'Köln', '', '50739', 'Allemagne', '0221-0644327', '0221-0765721'),
('PARIS', 'Paris spécialités', 'Marie Bertrand', 'Propriétaire', '265, boulevard Charonne', 'Paris', '', '75012', 'France', '01.42.34.22.66', '01.42.34.22.77'),
('PERIC', 'Pericles Comidas clásicas', 'Guillermo Fernández', 'Représentant(e)', 'Calle Dr. Jorge Cash 321', 'México D.F.', '', '05033', 'Mexique', '(5) 552-3745', '(5) 545-3745'),
('PICCO', 'Piccolo und mehr', 'Georg Pipps', 'Chef des ventes', 'Geislweg 14', 'Salzburg', '', '5020', 'Autriche', '6562-9722', '6562-9723'),
('PRINI', 'Princesa Isabel Vinhos', 'Isabel de Castro', 'Représentant(e)', 'Estrada da saúde n. 58', 'Lisboa', '', '1756', 'Portugal', '(1) 356-5634', ''),
('QUEDE', 'Que Delícia', 'Bernardo Batista', 'Chef comptable', 'Rua da Panificadora, 12', 'Rio de Janeiro', 'RJ', '02389-673', 'Brésil', '(21) 555-4252', '(21) 555-4545'),
('QUEEN', 'Queen Cozinha', 'Lúcia Carvalho', 'Assistant(e) marketing', 'Alameda dos Canàrios, 891', 'São Paulo', 'SP', '05487-020', 'Brésil', '(11) 555-1189', ''),
('QUICK', 'QUICK-Stop', 'Horst Kloss', 'Chef comptable', 'Taucherstraße 10', 'Cunewalde', '', '01307', 'Allemagne', '0372-035188', ''),
('RANCH', 'Rancho grande', 'Sergio Gutiérrez', 'Représentant(e)', 'Av. del Libertador 900', 'Buenos Aires', '', '1010', 'Argentine', '(1) 123-5555', '(1) 123-5556'),
('RATTC', 'Rattlesnake Canyon Grocery', 'Paula Wilson', 'Représentant(e)', '2817 Milton Dr.', 'Albuquerque', 'NM', '87110', 'États-Unis', '(505) 555-5939', '(505) 555-3620'),
('REGGC', 'Reggiani Caseifici', 'Maurizio Moroni', 'Assistant(e) des ventes', 'Strada Provinciale 124', 'Reggio Emilia', '', '42100', 'Italie', '0522-556721', '0522-556722'),
('RICAR', 'Ricardo Adocicados', 'Janete Limeira', 'Représentant(e)', 'Av. Copacabana, 267', 'Rio de Janeiro', 'RJ', '02389-890', 'Brésil', '(21) 555-3412', ''),
('RICSU', 'Richter Supermarkt', 'Michael Holz', 'Chef des ventes', 'Grenzacherweg 237', 'Genève', '', '1203', 'Suisse', '0897-034214', ''),
('ROMEY', 'Romero y tomillo', 'Alejandra Camino', 'Chef comptable', 'Gran Vía, 1', 'Madrid', '', '28001', 'Espagne', '(91) 745 6200', '(91) 745 6210'),
('rrrtt', 'rrr ttttt', 'contact', 'fonctino', 'aderess', 'asdsa', 'resioh', '55555', 'eee', '+642544555', '+6523335411'),
('SANTG', 'Santé Gourmet', 'Jonas Bergulfsen', 'Propriétaire', 'Erling Skakkes gate 78', 'Stavern', '', '4110', 'Norvège', '07-98 92 35', '07-98 92 47'),
('SAVEA', 'Save-a-lot Markets', 'Jose Pavarotti', 'Représentant(e)', '187 Suffolk Ln.', 'Boise', 'ID', '83720', 'États-Unis', '(208) 555-8097', ''),
('sdc', 'sdcsdc', 'sadasd', 'adsAS', 'SDSA', 'ASDSA', 'SADSA', 'SDAS', 'SDSA', 'SADAS', 'SDSADAS'),
('SEVES', 'Seven Seas Imports', 'Hari Kumar', 'Chef des ventes', '90 Wadhurst Rd.', 'London', '', 'OX15 4NB', 'Royaume-Uni', '(71) 555-1717', '(71) 555-5646'),
('SIMOB', 'Simons bistro', 'Jytte Petersen', 'Propriétaire', 'Vinbæltet 34', 'København', '', '1734', 'Danemark', '31 12 34 56', '31 13 35 57'),
('SPECD', 'Spécialités du monde', 'Dominique Perrier', 'Directeur du marketing', '25, rue Lauriston', 'Paris', '', '75016', 'France', '01.47.55.60.10', '01.47.55.60.20'),
('SPLIR', 'Split Rail Beer & Ale', 'Art Braunschweiger', 'Chef des ventes', 'P.O. Box 555', 'Lander', 'WY', '82520', 'États-Unis', '(307) 555-4680', '(307) 555-6525'),
('SUPRD', 'Suprêmes délices', 'Pascale Cartrain', 'Chef comptable', 'Boulevard Tirou, 255', 'Charleroi', '', 'B-6000', 'Belgique', '(071) 23 67 22 20', '(071) 23 67 22 21'),
('THEBI', 'The Big Cheese', 'Liz Nixon', 'Directeur du marketing', '89 Jefferson Way\r\nSuite 2', 'Portland', 'OR', '97201', 'États-Unis', '(503) 555-3612', ''),
('THECR', 'The Cracker Box', 'Liu Wong', 'Assistant(e) marketing', '55 Grizzly Peak Rd.', 'Butte', 'MT', '59801', 'États-Unis', '(406) 555-5834', '(406) 555-8083'),
('TOMSP', 'Toms Spezialitäten', 'Karin Josephs', 'Directeur du marketing', 'Luisenstr. 48', 'Münster', '', '44087', 'Allemagne', '0251-031259', '0251-035695'),
('TORTU', 'Tortuga Restaurante', 'Miguel Angel Paolino', 'Propriétaire', 'Avda. Azteca 123', 'México D.F.', '', '05033', 'Mexique', '(5) 555-2933', ''),
('TRADH', 'Tradição Hipermercados', 'Anabela Domingues', 'Représentant(e)', 'Av. Inês de Castro, 414', 'São Paulo', 'SP', '05634-030', 'Brésil', '(11) 555-2167', '(11) 555-2168'),
('TRAIH', 'Trail\'s Head Gourmet Provisioners', 'Helvetius Nagy', 'Assistant(e) des ventes', '722 DaVinci Blvd.', 'Kirkland', 'WA', '98034', 'États-Unis', '(206) 555-8257', '(206) 555-2174'),
('ttttt', 'ttt ttt', 'sdsd', 'sdsad', 'sdsa', 'asdsa', 'sdas', 'asdas', 'sadas', 'asdsad', 'sadsad'),
('VAFFE', 'Vaffeljernet', 'Palle Ibsen', 'Chef des ventes', 'Smagsløget 45', 'Århus', '', '8200', 'Danemark', '86 21 32 43', '86 22 33 44'),
('VICTE', 'Victuailles en stock', 'Mary Saveley', 'Assistant(e) des ventes', '2, rue du Commerce', 'Lyon', '', '69004', 'France', '04.78.32.54.86', '04.78.32.54.87'),
('VINET', 'Vins et alcools Chevalier', 'Paul Henriot', 'Chef comptable', '59 rue de l\'Abbaye', 'Reims', '', '51100', 'France', '03.26.47.15.10', '03.26.47.15.11'),
('WANDK', 'Die Wandernde Kuh', 'Rita Müller', 'Représentant(e)', 'Adenauerallee 900', 'Stuttgart', '', '70563', 'Allemagne', '0711-020361', '0711-035428'),
('WARTH', 'Wartian Herkku', 'Pirkko Koskitalo', 'Chef comptable', 'Torikatu 38', 'Oulu', '', '90110', 'Finlande', '981-443655', '981-443655'),
('WELLI', 'Wellington Importadora', 'Paula Parente', 'Brésil', 'Rua do Mercado, 12', 'Resende', 'SP', '08737-363', 'Brésil', '(14) 555-8122', ''),
('WHITC', 'White Clover Markets', 'Karl Jablonski', 'Propriétaire', '305 - 14th Ave. S.\r\nSuite 3B', 'Seattle', 'WA', '98128', 'États-Unis', '(206) 555-4112', '(206) 555-4115'),
('WILMK', 'Wilman Kala', 'Matti Karttunen', 'Finlande', 'Keskuskatu 45', 'Helsinki', '', '222222', 'Finlande', '90-224 8858', '90-224 8858'),
('WOLZA', 'Wolski  Zajazd', 'Zbyszek Piestrzeniewicz', 'Pologne', 'ul. Filtrowa 68', 'Warszawa', '', '01-012', 'Pologne', '(26) 642-7012', '(26) 642-7012');

-- --------------------------------------------------------

--
-- Structure de la table `commandes`
--

CREATE TABLE `commandes` (
  `N° commande` int(11) NOT NULL,
  `Code client` varchar(5) NOT NULL,
  `N° employé` int(11) NOT NULL,
  `Date commande` date NOT NULL,
  `À livrer avant` date NOT NULL,
  `Date envoi` date NOT NULL,
  `N° messager` int(11) NOT NULL,
  `Port` decimal(10,2) NOT NULL,
  `Destinataire` text NOT NULL,
  `Adresse livraison` text NOT NULL,
  `Ville livraison` text NOT NULL,
  `Région livraison` text NOT NULL,
  `Code postal livraison` text NOT NULL,
  `Pays livraison` text NOT NULL
) ENGINE=InnoDB DEFAULT CHARSET=latin1;

--
-- Déchargement des données de la table `commandes`
--

INSERT INTO `commandes` (`N° commande`, `Code client`, `N° employé`, `Date commande`, `À livrer avant`, `Date envoi`, `N° messager`, `Port`, `Destinataire`, `Adresse livraison`, `Ville livraison`, `Région livraison`, `Code postal livraison`, `Pays livraison`) VALUES
(10248, 'VINET', 5, '1996-07-04', '1996-08-01', '1996-07-16', 3, '32.38', 'Vins et alcools Chevalier', '59 rue de l\'Abbaye', 'Reims', '', '51100', 'France'),
(10249, 'TOMSP', 6, '1996-07-05', '1996-08-16', '1996-07-10', 1, '11.61', 'Toms Spezialitäten', 'Luisenstr. 48', 'Münster', '', '44087', 'Allemagne'),
(10250, 'HANAR', 4, '1996-07-08', '1996-08-05', '1996-07-12', 2, '65.83', 'Hanari Carnes', 'Rua do Paço, 67', 'Rio de Janeiro', 'RJ', '05454-876', 'Brésil'),
(10251, 'VICTE', 3, '1996-07-08', '1996-08-05', '1996-07-15', 1, '41.34', 'Victuailles en stock', '2, rue du Commerce', 'Lyon', '', '69004', 'France'),
(10252, 'SUPRD', 4, '1996-07-09', '1996-08-06', '1996-07-11', 2, '51.30', 'Suprêmes délices', 'Boulevard Tirou, 255', 'Charleroi', '', 'B-6000', 'Belgique'),
(10253, 'HANAR', 3, '1996-07-10', '1996-07-24', '1996-07-16', 2, '58.17', 'Hanari Carnes', 'Rua do Paço, 67', 'Rio de Janeiro', 'RJ', '05454-876', 'Brésil'),
(10254, 'CHOPS', 5, '1996-07-11', '1996-08-08', '1996-07-23', 2, '22.98', 'Chop-suey Chinese', 'Hauptstr. 31', 'Bern', '', '3012', 'Suisse'),
(10255, 'RICSU', 9, '1996-07-12', '1996-08-09', '1996-07-15', 3, '148.33', 'Richter Supermarkt', 'Starenweg 5', 'Genève', '', '1204', 'Suisse'),
(10256, 'WELLI', 3, '1996-07-15', '1996-08-12', '1996-07-17', 2, '13.97', 'Wellington Importadora', 'Rua do Mercado, 12', 'Resende', 'SP', '08737-363', 'Brésil'),
(10257, 'HILAA', 4, '1996-07-16', '1996-08-13', '1996-07-22', 3, '81.91', 'HILARIÓN-Abastos', 'Carrera 22 con Ave. Carlos Soublette #8-35', 'San Cristóbal', 'Táchira', '5022', 'Venezuela'),
(10258, 'ERNSH', 1, '1996-07-17', '1996-08-14', '1996-07-23', 1, '140.51', 'Ernst Handel', 'Kirchgasse 6', 'Graz', '', '8010', 'Autriche'),
(10259, 'CENTC', 4, '1996-07-18', '1996-08-15', '1996-07-25', 3, '3.25', 'Centro comercial Moctezuma', 'Sierras de Granada 9993', 'México D.F.', '', '05022', 'Mexique'),
(10260, 'OTTIK', 4, '1996-07-19', '1996-08-16', '1996-07-29', 1, '55.09', 'Ottilies Käseladen', 'Mehrheimerstr. 369', 'Köln', '', '50739', 'Allemagne'),
(10261, 'QUEDE', 4, '1996-07-19', '1996-08-16', '1996-07-30', 2, '3.05', 'Que Delícia', 'Rua da Panificadora, 12', 'Rio de Janeiro', 'RJ', '02389-673', 'Brésil'),
(10262, 'RATTC', 8, '1996-07-22', '1996-08-19', '1996-07-25', 3, '48.29', 'Rattlesnake Canyon Grocery', '2817 Milton Dr.', 'Albuquerque', 'NM', '87110', 'Etats-Unis'),
(10263, 'ERNSH', 9, '1996-07-23', '1996-08-20', '1996-07-31', 3, '146.06', 'Ernst Handel', 'Kirchgasse 6', 'Graz', '', '8010', 'Autriche'),
(10264, 'FOLKO', 6, '1996-07-24', '1996-08-21', '1996-08-23', 3, '3.67', 'Folk och fä HB', 'Åkergatan 24', 'Bräcke', '', 'S-844 67', 'Suède'),
(10265, 'BLONP', 2, '1996-07-25', '1996-08-22', '1996-08-12', 1, '55.28', 'Blondel père et fils', '24, place Kléber', 'Strasbourg', '', '67000', 'France'),
(10266, 'WARTH', 3, '1996-07-26', '1996-09-06', '1996-07-31', 3, '25.73', 'Wartian Herkku', 'Torikatu 38', 'Oulu', '', '90110', 'Finlande'),
(10267, 'FRANK', 4, '1996-07-29', '1996-08-26', '1996-08-06', 1, '208.58', 'Frankenversand', 'Berliner Platz 43', 'München', '', '80805', 'Allemagne'),
(10268, 'GROSR', 8, '1996-07-30', '1996-08-27', '1996-08-02', 3, '66.29', 'GROSELLA-Restaurante', '5ª Ave. Los Palos Grandes', 'Caracas', 'DF', '1081', 'Venezuela'),
(10269, 'WHITC', 5, '1996-07-31', '1996-08-14', '1996-08-09', 1, '4.56', 'White Clover Markets', '1029 - 12th Ave. S.', 'Seattle', 'WA', '98124', 'Etats-Unis'),
(10270, 'WARTH', 1, '1996-08-01', '1996-08-29', '1996-08-02', 1, '136.54', 'Wartian Herkku', 'Torikatu 38', 'Oulu', '', '90110', 'Finlande'),
(10271, 'SPLIR', 6, '1996-08-01', '1996-08-29', '1996-08-30', 2, '4.54', 'Split Rail Beer & Ale', 'P.O. Box 555', 'Lander', 'WY', '82520', 'Etats-Unis'),
(10272, 'RATTC', 6, '1996-08-02', '1996-08-30', '1996-08-06', 2, '98.03', 'Rattlesnake Canyon Grocery', '2817 Milton Dr.', 'Albuquerque', 'NM', '87110', 'Etats-Unis'),
(10273, 'QUICK', 3, '1996-08-05', '1996-09-02', '1996-08-12', 3, '76.07', 'QUICK-Stop', 'Taucherstraße 10', 'Cunewalde', '', '01307', 'Allemagne'),
(10274, 'VINET', 6, '1996-08-06', '1996-09-03', '1996-08-16', 1, '6.01', 'Vins et alcools Chevalier', '59 rue de l\'Abbaye', 'Reims', '', '51100', 'France'),
(10275, 'MAGAA', 1, '1996-08-07', '1996-09-04', '1996-08-09', 1, '26.93', 'Magazzini Alimentari Riuniti', 'Via Ludovico il Moro 22', 'Bergamo', '', '24100', 'Italie'),
(10276, 'TORTU', 8, '1996-08-08', '1996-08-22', '1996-08-14', 3, '13.84', 'Tortuga Restaurante', 'Avda. Azteca 123', 'México D.F.', '', '05033', 'Mexique'),
(10277, 'MORGK', 2, '1996-08-09', '1996-09-06', '1996-08-13', 3, '125.77', 'Morgenstern Gesundkost', 'Heerstr. 22', 'Leipzig', '', '04179', 'Allemagne'),
(10278, 'BERGS', 8, '1996-08-12', '1996-09-09', '1996-08-16', 2, '92.69', 'Berglunds snabbköp', 'Berguvsvägen  8', 'Luleå', '', 'S-958 22', 'Suède'),
(10279, 'LEHMS', 8, '1996-08-13', '1996-09-10', '1996-08-16', 2, '25.83', 'Lehmanns Marktstand', 'Magazinweg 7', 'Frankfurt a.M.', '', '60528', 'Allemagne'),
(10280, 'BERGS', 2, '1996-08-14', '1996-09-11', '1996-09-12', 1, '8.98', 'Berglunds snabbköp', 'Berguvsvägen  8', 'Luleå', '', 'S-958 22', 'Suède'),
(10281, 'ROMEY', 4, '1996-08-14', '1996-08-28', '1996-08-21', 1, '2.94', 'Romero y tomillo', 'Gran Vía, 1', 'Madrid', '', '28001', 'Espagne'),
(10282, 'ROMEY', 4, '1996-08-15', '1996-09-12', '1996-08-21', 1, '12.69', 'Romero y tomillo', 'Gran Vía, 1', 'Madrid', '', '28001', 'Espagne'),
(10283, 'LILAS', 3, '1996-08-16', '1996-09-13', '1996-08-23', 3, '84.81', 'LILA-Supermercado', 'Carrera 52 con Ave. Bolívar #65-98 Llano Largo', 'Barquisimeto', 'Lara', '3508', 'Venezuela'),
(10284, 'LEHMS', 4, '1996-08-19', '1996-09-16', '1996-08-27', 1, '76.56', 'Lehmanns Marktstand', 'Magazinweg 7', 'Frankfurt a.M.', '', '60528', 'Allemagne'),
(10285, 'QUICK', 1, '1996-08-20', '1996-09-17', '1996-08-26', 2, '76.83', 'QUICK-Stop', 'Taucherstraße 10', 'Cunewalde', '', '01307', 'Allemagne'),
(10286, 'QUICK', 8, '1996-08-21', '1996-09-18', '1996-08-30', 3, '229.24', 'QUICK-Stop', 'Taucherstraße 10', 'Cunewalde', '', '01307', 'Allemagne'),
(10287, 'RICAR', 8, '1996-08-22', '1996-09-19', '1996-08-28', 3, '12.76', 'Ricardo Adocicados', 'Av. Copacabana, 267', 'Rio de Janeiro', 'RJ', '02389-890', 'Brésil'),
(10288, 'REGGC', 4, '1996-08-23', '1996-09-20', '1996-09-03', 1, '7.45', 'Reggiani Caseifici', 'Strada Provinciale 124', 'Reggio Emilia', '', '42100', 'Italie'),
(10289, 'BSBEV', 7, '1996-08-26', '1996-09-23', '1996-08-28', 3, '22.77', 'B\'s Beverages', 'Fauntleroy Circus', 'London', '', 'EC2 5NT', 'Royaume-Uni'),
(10290, 'COMMI', 8, '1996-08-27', '1996-09-24', '1996-09-03', 1, '79.70', 'Comércio Mineiro', 'Av. dos Lusíadas, 23', 'São Paulo', 'SP', '05432-043', 'Brésil'),
(10291, 'QUEDE', 6, '1996-08-27', '1996-09-24', '1996-09-04', 2, '6.40', 'Que Delícia', 'Rua da Panificadora, 12', 'Rio de Janeiro', 'RJ', '02389-673', 'Brésil'),
(10292, 'TRADH', 1, '1996-08-28', '1996-09-25', '1996-09-02', 2, '1.35', 'Tradição Hipermercados', 'Av. Inês de Castro, 414', 'São Paulo', 'SP', '05634-030', 'Brésil'),
(10293, 'TORTU', 1, '1996-08-29', '1996-09-26', '1996-09-11', 3, '21.18', 'Tortuga Restaurante', 'Avda. Azteca 123', 'México D.F.', '', '05033', 'Mexique'),
(10294, 'RATTC', 4, '1996-08-30', '1996-09-27', '1996-09-05', 2, '147.26', 'Rattlesnake Canyon Grocery', '2817 Milton Dr.', 'Albuquerque', 'NM', '87110', 'Etats-Unis'),
(10295, 'VINET', 2, '1996-09-02', '1996-09-30', '1996-09-10', 2, '1.15', 'Vins et alcools Chevalier', '59 rue de l\'Abbaye', 'Reims', '', '51100', 'France'),
(10296, 'LILAS', 6, '1996-09-03', '1996-10-01', '1996-09-11', 1, '0.12', 'LILA-Supermercado', 'Carrera 52 con Ave. Bolívar #65-98 Llano Largo', 'Barquisimeto', 'Lara', '3508', 'Venezuela'),
(10297, 'BLONP', 5, '1996-09-04', '1996-10-16', '1996-09-10', 2, '5.74', 'Blondel père et fils', '24, place Kléber', 'Strasbourg', '', '67000', 'France'),
(10298, 'HUNGO', 6, '1996-09-05', '1996-10-03', '1996-09-11', 2, '168.22', 'Hungry Owl All-Night Grocers', '8 Johnstown Road', 'Cork', 'Co. Cork', '', 'Irlande'),
(10299, 'RICAR', 4, '1996-09-06', '1996-10-04', '1996-09-13', 2, '29.76', 'Ricardo Adocicados', 'Av. Copacabana, 267', 'Rio de Janeiro', 'RJ', '02389-890', 'Brésil'),
(10300, 'MAGAA', 2, '1996-09-09', '1996-10-07', '1996-09-18', 2, '17.68', 'Magazzini Alimentari Riuniti', 'Via Ludovico il Moro 22', 'Bergamo', '', '24100', 'Italie'),
(10301, 'WANDK', 8, '1996-09-09', '1996-10-07', '1996-09-17', 2, '45.08', 'Die Wandernde Kuh', 'Adenauerallee 900', 'Stuttgart', '', '70563', 'Allemagne'),
(10302, 'SUPRD', 4, '1996-09-10', '1996-10-08', '1996-10-09', 2, '6.27', 'Suprêmes délices', 'Boulevard Tirou, 255', 'Charleroi', '', 'B-6000', 'Belgique'),
(10303, 'GODOS', 7, '1996-09-11', '1996-10-09', '1996-09-18', 2, '107.83', 'Godos Cocina Típica', 'C/ Romero, 33', 'Sevilla', '', '41101', 'Espagne'),
(10304, 'TORTU', 1, '1996-09-12', '1996-10-10', '1996-09-17', 2, '63.79', 'Tortuga Restaurante', 'Avda. Azteca 123', 'México D.F.', '', '05033', 'Mexique'),
(10305, 'OLDWO', 8, '1996-09-13', '1996-10-11', '1996-10-09', 3, '257.62', 'Old World Delicatessen', '2743 Bering St.', 'Anchorage', 'AK', '99508', 'Etats-Unis'),
(10306, 'ROMEY', 1, '1996-09-16', '1996-10-14', '1996-09-23', 3, '7.56', 'Romero y tomillo', 'Gran Vía, 1', 'Madrid', '', '28001', 'Espagne'),
(10307, 'LONEP', 2, '1996-09-17', '1996-10-15', '1996-09-25', 2, '0.56', 'Lonesome Pine Restaurant', '89 Chiaroscuro Rd.', 'Portland', 'OR', '97219', 'Etats-Unis'),
(10308, 'ANATR', 7, '1996-09-18', '1996-10-16', '1996-09-24', 3, '1.61', 'Ana Trujillo Emparedados y helados', 'Avda. de la Constitución 2222', 'México D.F.', '', '05021', 'Mexique'),
(10309, 'HUNGO', 3, '1996-09-19', '1996-10-17', '1996-10-23', 1, '47.30', 'Hungry Owl All-Night Grocers', '8 Johnstown Road', 'Cork', 'Co. Cork', '', 'Irlande'),
(10310, 'THEBI', 8, '1996-09-20', '1996-10-18', '1996-09-27', 2, '17.52', 'The Big Cheese', '89 Jefferson Way\r\nSuite 2', 'Portland', 'OR', '97201', 'Etats-Unis'),
(10311, 'DUMON', 1, '1996-09-20', '1996-10-04', '1996-09-26', 3, '24.69', 'Du monde entier', '67, rue des Cinquante Otages', 'Nantes', '', '44000', 'France'),
(10312, 'WANDK', 2, '1996-09-23', '1996-10-21', '1996-10-03', 2, '40.26', 'Die Wandernde Kuh', 'Adenauerallee 900', 'Stuttgart', '', '70563', 'Allemagne'),
(10313, 'QUICK', 2, '1996-09-24', '1996-10-22', '1996-10-04', 2, '1.96', 'QUICK-Stop', 'Taucherstraße 10', 'Cunewalde', '', '01307', 'Allemagne'),
(10314, 'RATTC', 1, '1996-09-25', '1996-10-23', '1996-10-04', 2, '74.16', 'Rattlesnake Canyon Grocery', '2817 Milton Dr.', 'Albuquerque', 'NM', '87110', 'Etats-Unis'),
(10315, 'ISLAT', 4, '1996-09-26', '1996-10-24', '1996-10-03', 2, '41.76', 'Island Trading', 'Garden House\r\nCrowther Way', 'Cowes', 'Isle of Wigth', 'PO31 7PJ', 'Royaume-Uni'),
(10316, 'RATTC', 1, '1996-09-27', '1996-10-25', '1996-10-08', 3, '150.15', 'Rattlesnake Canyon Grocery', '2817 Milton Dr.', 'Albuquerque', 'NM', '87110', 'Etats-Unis'),
(10317, 'LONEP', 6, '1996-09-30', '1996-10-28', '1996-10-10', 1, '12.69', 'Lonesome Pine Restaurant', '89 Chiaroscuro Rd.', 'Portland', 'OR', '97219', 'Etats-Unis'),
(10318, 'ISLAT', 8, '1996-10-01', '1996-10-29', '1996-10-04', 2, '4.73', 'Island Trading', 'Garden House\r\nCrowther Way', 'Cowes', 'Isle of Wigth', 'PO31 7PJ', 'Royaume-Uni'),
(10319, 'TORTU', 7, '1996-10-02', '1996-10-30', '1996-10-11', 3, '64.50', 'Tortuga Restaurante', 'Avda. Azteca 123', 'México D.F.', '', '05033', 'Mexique'),
(10320, 'WARTH', 5, '1996-10-03', '1996-10-17', '1996-10-18', 3, '34.57', 'Wartian Herkku', 'Torikatu 38', 'Oulu', '', '90110', 'Finlande'),
(10321, 'ISLAT', 3, '1996-10-03', '1996-10-31', '1996-10-11', 2, '3.43', 'Island Trading', 'Garden House\r\nCrowther Way', 'Cowes', 'Isle of Wigth', 'PO31 7PJ', 'Royaume-Uni'),
(10322, 'PERIC', 7, '1996-10-04', '1996-11-01', '1996-10-23', 3, '0.40', 'Pericles Comidas clásicas', 'Calle Dr. Jorge Cash 321', 'México D.F.', '', '05033', 'Mexique'),
(10323, 'KOENE', 4, '1996-10-07', '1996-11-04', '1996-10-14', 1, '4.88', 'Königlich Essen', 'Maubelstr. 90', 'Brandenburg', '', '14776', 'Allemagne'),
(10324, 'SAVEA', 9, '1996-10-08', '1996-11-05', '1996-10-10', 1, '214.27', 'Save-a-lot Markets', '187 Suffolk Ln.', 'Boise', 'ID', '83720', 'Etats-Unis'),
(10325, 'KOENE', 1, '1996-10-09', '1996-10-23', '1996-10-14', 3, '64.86', 'Königlich Essen', 'Maubelstr. 90', 'Brandenburg', '', '14776', 'Allemagne'),
(10326, 'BOLID', 4, '1996-10-10', '1996-11-07', '1996-10-14', 2, '77.92', 'Bólido Comidas preparadas', 'C/ Araquil, 67', 'Madrid', '', '28023', 'Espagne'),
(10327, 'FOLKO', 2, '1996-10-11', '1996-11-08', '1996-10-14', 1, '63.36', 'Folk och fä HB', 'Åkergatan 24', 'Bräcke', '', 'S-844 67', 'Suède'),
(10328, 'FURIB', 4, '1996-10-14', '1996-11-11', '1996-10-17', 3, '87.03', 'Furia Bacalhau e Frutos do Mar', 'Jardim das rosas n. 32', 'Lisboa', '', '1675', 'Portugal'),
(10329, 'SPLIR', 4, '1996-10-15', '1996-11-26', '1996-10-23', 2, '191.67', 'Split Rail Beer & Ale', 'P.O. Box 555', 'Lander', 'WY', '82520', 'Etats-Unis'),
(10330, 'LILAS', 3, '1996-10-16', '1996-11-13', '1996-10-28', 1, '12.75', 'LILA-Supermercado', 'Carrera 52 con Ave. Bolívar #65-98 Llano Largo', 'Barquisimeto', 'Lara', '3508', 'Venezuela'),
(10331, 'BONAP', 9, '1996-10-16', '1996-11-27', '1996-10-21', 1, '10.19', 'Bon app\'', '12, rue des Bouchers', 'Marseille', '', '13008', 'France'),
(10332, 'MEREP', 3, '1996-10-17', '1996-11-28', '1996-10-21', 2, '52.84', 'Mère Paillarde', '43 rue St. Laurent', 'Montréal', 'Québec', 'H1J 1C3', 'Canada'),
(10333, 'WARTH', 5, '1996-10-18', '1996-11-15', '1996-10-25', 3, '0.59', 'Wartian Herkku', 'Torikatu 38', 'Oulu', '', '90110', 'Finlande'),
(10334, 'VICTE', 8, '1996-10-21', '1996-11-18', '1996-10-28', 2, '8.56', 'Victuailles en stock', '2, rue du Commerce', 'Lyon', '', '69004', 'France'),
(10335, 'HUNGO', 7, '1996-10-22', '1996-11-19', '1996-10-24', 2, '42.11', 'Hungry Owl All-Night Grocers', '8 Johnstown Road', 'Cork', 'Co. Cork', '', 'Irlande'),
(10336, 'PRINI', 7, '1996-10-23', '1996-11-20', '1996-10-25', 2, '15.51', 'Princesa Isabel Vinhos', 'Estrada da saúde n. 58', 'Lisboa', '', '1756', 'Portugal'),
(10337, 'FRANK', 4, '1996-10-24', '1996-11-21', '1996-10-29', 3, '108.26', 'Frankenversand', 'Berliner Platz 43', 'München', '', '80805', 'Allemagne'),
(10338, 'OLDWO', 4, '1996-10-25', '1996-11-22', '1996-10-29', 3, '84.21', 'Old World Delicatessen', '2743 Bering St.', 'Anchorage', 'AK', '99508', 'Etats-Unis'),
(10339, 'MEREP', 2, '1996-10-28', '1996-11-25', '1996-11-04', 2, '15.66', 'Mère Paillarde', '43 rue St. Laurent', 'Montréal', 'Québec', 'H1J 1C3', 'Canada'),
(10340, 'BONAP', 1, '1996-10-29', '1996-11-26', '1996-11-08', 3, '166.31', 'Bon app\'', '12, rue des Bouchers', 'Marseille', '', '13008', 'France'),
(10341, 'SIMOB', 7, '1996-10-29', '1996-11-26', '1996-11-05', 3, '26.78', 'Simons bistro', 'Vinbæltet 34', 'København', '', '1734', 'Danemark'),
(10342, 'FRANK', 4, '1996-10-30', '1996-11-13', '1996-11-04', 2, '54.83', 'Frankenversand', 'Berliner Platz 43', 'München', '', '80805', 'Allemagne'),
(10343, 'LEHMS', 4, '1996-10-31', '1996-11-28', '1996-11-06', 1, '110.37', 'Lehmanns Marktstand', 'Magazinweg 7', 'Frankfurt a.M.', '', '60528', 'Allemagne'),
(10344, 'WHITC', 4, '1996-11-01', '1996-11-29', '1996-11-05', 2, '23.29', 'White Clover Markets', '1029 - 12th Ave. S.', 'Seattle', 'WA', '98124', 'Etats-Unis'),
(10345, 'QUICK', 2, '1996-11-04', '1996-12-02', '1996-11-11', 2, '249.06', 'QUICK-Stop', 'Taucherstraße 10', 'Cunewalde', '', '01307', 'Allemagne'),
(10346, 'RATTC', 3, '1996-11-05', '1996-12-17', '1996-11-08', 3, '142.08', 'Rattlesnake Canyon Grocery', '2817 Milton Dr.', 'Albuquerque', 'NM', '87110', 'Etats-Unis'),
(10347, 'FAMIA', 4, '1996-11-06', '1996-12-04', '1996-11-08', 3, '3.10', 'Familia Arquibaldo', 'Rua Orós, 92', 'São Paulo', 'SP', '05442-030', 'Brésil'),
(10348, 'WANDK', 4, '1996-11-07', '1996-12-05', '1996-11-15', 2, '0.78', 'Die Wandernde Kuh', 'Adenauerallee 900', 'Stuttgart', '', '70563', 'Allemagne'),
(10349, 'SPLIR', 7, '1996-11-08', '1996-12-06', '1996-11-15', 1, '8.63', 'Split Rail Beer & Ale', 'P.O. Box 555', 'Lander', 'WY', '82520', 'Etats-Unis'),
(10350, 'LAMAI', 6, '1996-11-11', '1996-12-09', '1996-12-03', 2, '64.19', 'La maison d\'Asie', '1 rue Alsace-Lorraine', 'Toulouse', '', '31000', 'France'),
(10351, 'ERNSH', 1, '1996-11-11', '1996-12-09', '1996-11-20', 1, '162.33', 'Ernst Handel', 'Kirchgasse 6', 'Graz', '', '8010', 'Autriche'),
(10352, 'FURIB', 3, '1996-11-12', '1996-11-26', '1996-11-18', 3, '1.30', 'Furia Bacalhau e Frutos do Mar', 'Jardim das rosas n. 32', 'Lisboa', '', '1675', 'Portugal'),
(10353, 'PICCO', 7, '1996-11-13', '1996-12-11', '1996-11-25', 3, '360.63', 'Piccolo und mehr', 'Geislweg 14', 'Salzburg', '', '5020', 'Autriche'),
(10354, 'PERIC', 8, '1996-11-14', '1996-12-12', '1996-11-20', 3, '53.80', 'Pericles Comidas clásicas', 'Calle Dr. Jorge Cash 321', 'México D.F.', '', '05033', 'Mexique'),
(10355, 'AROUT', 6, '1996-11-15', '1996-12-13', '1996-11-20', 1, '41.95', 'Around the Horn', 'Brook Farm\r\nStratford St. Mary', 'Colchester', 'Essex', 'CO7 6JX', 'Royaume-Uni'),
(10356, 'WANDK', 6, '1996-11-18', '1996-12-16', '1996-11-27', 2, '36.71', 'Die Wandernde Kuh', 'Adenauerallee 900', 'Stuttgart', '', '70563', 'Allemagne'),
(10357, 'LILAS', 1, '1996-11-19', '1996-12-17', '1996-12-02', 3, '34.88', 'LILA-Supermercado', 'Carrera 52 con Ave. Bolívar #65-98 Llano Largo', 'Barquisimeto', 'Lara', '3508', 'Venezuela'),
(10358, 'LAMAI', 5, '1996-11-20', '1996-12-18', '1996-11-27', 1, '19.64', 'La maison d\'Asie', '1 rue Alsace-Lorraine', 'Toulouse', '', '31000', 'France'),
(10359, 'SEVES', 5, '1996-11-21', '1996-12-19', '1996-11-26', 3, '288.43', 'Seven Seas Imports', '90 Wadhurst Rd.', 'London', '', 'OX15 4NB', 'Royaume-Uni'),
(10360, 'BLONP', 4, '1996-11-22', '1996-12-20', '1996-12-02', 3, '131.70', 'Blondel père et fils', '24, place Kléber', 'Strasbourg', '', '67000', 'France'),
(10361, 'QUICK', 1, '1996-11-22', '1996-12-20', '1996-12-03', 2, '183.17', 'QUICK-Stop', 'Taucherstraße 10', 'Cunewalde', '', '01307', 'Allemagne'),
(10362, 'BONAP', 3, '1996-11-25', '1996-12-23', '1996-11-28', 1, '96.04', 'Bon app\'', '12, rue des Bouchers', 'Marseille', '', '13008', 'France'),
(10363, 'DRACD', 4, '1996-11-26', '1996-12-24', '1996-12-04', 3, '30.54', 'Drachenblut Delikatessen', 'Walserweg 21', 'Aachen', '', '52066', 'Allemagne'),
(10364, 'EASTC', 1, '1996-11-26', '1997-01-07', '1996-12-04', 1, '71.97', 'Eastern Connection', '35 King George', 'London', '', 'WX3 6FW', 'Royaume-Uni'),
(10365, 'ANTON', 3, '1996-11-27', '1996-12-25', '1996-12-02', 2, '22.00', 'Antonio Moreno Taquería', 'Mataderos  2312', 'México D.F.', '', '05023', 'Mexique'),
(10366, 'GALED', 8, '1996-11-28', '1997-01-09', '1996-12-30', 2, '10.14', 'Galería del gastronómo', 'Rambla de Cataluña, 23', 'Barcelona', '', '8022', 'Espagne'),
(10367, 'VAFFE', 7, '1996-11-28', '1996-12-26', '1996-12-02', 3, '13.55', 'Vaffeljernet', 'Smagsløget 45', 'Århus', '', '8200', 'Danemark'),
(10368, 'ERNSH', 2, '1996-11-29', '1996-12-27', '1996-12-02', 2, '101.95', 'Ernst Handel', 'Kirchgasse 6', 'Graz', '', '8010', 'Autriche'),
(10369, 'SPLIR', 8, '1996-12-02', '1996-12-30', '1996-12-09', 2, '195.68', 'Split Rail Beer & Ale', 'P.O. Box 555', 'Lander', 'WY', '82520', 'Etats-Unis'),
(10370, 'CHOPS', 6, '1996-12-03', '1996-12-31', '1996-12-27', 2, '1.17', 'Chop-suey Chinese', 'Hauptstr. 31', 'Bern', '', '3012', 'Suisse'),
(10371, 'LAMAI', 1, '1996-12-03', '1996-12-31', '1996-12-24', 1, '0.45', 'La maison d\'Asie', '1 rue Alsace-Lorraine', 'Toulouse', '', '31000', 'France'),
(10372, 'QUEEN', 5, '1996-12-04', '1997-01-01', '1996-12-09', 2, '890.78', 'Queen Cozinha', 'Alameda dos Canàrios, 891', 'São Paulo', 'SP', '05487-020', 'Brésil'),
(10373, 'HUNGO', 4, '1996-12-05', '1997-01-02', '1996-12-11', 3, '124.12', 'Hungry Owl All-Night Grocers', '8 Johnstown Road', 'Cork', 'Co. Cork', '', 'Irlande'),
(10374, 'WOLZA', 1, '1996-12-05', '1997-01-02', '1996-12-09', 3, '3.94', 'Wolski Zajazd', 'ul. Filtrowa 68', 'Warszawa', '', '01-012', 'Pologne'),
(10375, 'HUNGC', 3, '1996-12-06', '1997-01-03', '1996-12-09', 2, '20.12', 'Hungry Coyote Import Store', 'City Center Plaza\r\n516 Main St.', 'Elgin', 'OR', '97827', 'Etats-Unis'),
(10376, 'MEREP', 1, '1996-12-09', '1997-01-06', '1996-12-13', 2, '20.39', 'Mère Paillarde', '43 rue St. Laurent', 'Montréal', 'Québec', 'H1J 1C3', 'Canada'),
(10377, 'SEVES', 1, '1996-12-09', '1997-01-06', '1996-12-13', 3, '22.21', 'Seven Seas Imports', '90 Wadhurst Rd.', 'London', '', 'OX15 4NB', 'Royaume-Uni'),
(10378, 'FOLKO', 5, '1996-12-10', '1997-01-07', '1996-12-19', 3, '5.44', 'Folk och fä HB', 'Åkergatan 24', 'Bräcke', '', 'S-844 67', 'Suède'),
(10379, 'QUEDE', 2, '1996-12-11', '1997-01-08', '1996-12-13', 1, '45.03', 'Que Delícia', 'Rua da Panificadora, 12', 'Rio de Janeiro', 'RJ', '02389-673', 'Brésil'),
(10380, 'HUNGO', 8, '1996-12-12', '1997-01-09', '1997-01-16', 3, '35.03', 'Hungry Owl All-Night Grocers', '8 Johnstown Road', 'Cork', 'Co. Cork', '', 'Irlande'),
(10381, 'LILAS', 3, '1996-12-12', '1997-01-09', '1996-12-13', 3, '7.99', 'LILA-Supermercado', 'Carrera 52 con Ave. Bolívar #65-98 Llano Largo', 'Barquisimeto', 'Lara', '3508', 'Venezuela'),
(10382, 'ERNSH', 4, '1996-12-13', '1997-01-10', '1996-12-16', 1, '94.77', 'Ernst Handel', 'Kirchgasse 6', 'Graz', '', '8010', 'Autriche'),
(10383, 'AROUT', 8, '1996-12-16', '1997-01-13', '1996-12-18', 3, '34.24', 'Around the Horn', 'Brook Farm\r\nStratford St. Mary', 'Colchester', 'Essex', 'CO7 6JX', 'Royaume-Uni'),
(10384, 'BERGS', 3, '1996-12-16', '1997-01-13', '1996-12-20', 3, '168.64', 'Berglunds snabbköp', 'Berguvsvägen  8', 'Luleå', '', 'S-958 22', 'Suède'),
(10385, 'SPLIR', 1, '1996-12-17', '1997-01-14', '1996-12-23', 2, '30.96', 'Split Rail Beer & Ale', 'P.O. Box 555', 'Lander', 'WY', '82520', 'Etats-Unis'),
(10386, 'FAMIA', 9, '1996-12-18', '1997-01-01', '1996-12-25', 3, '13.99', 'Familia Arquibaldo', 'Rua Orós, 92', 'São Paulo', 'SP', '05442-030', 'Brésil'),
(10387, 'SANTG', 1, '1996-12-18', '1997-01-15', '1996-12-20', 2, '93.63', 'Santé Gourmet', 'Erling Skakkes gate 78', 'Stavern', '', '4110', 'Norvège'),
(10388, 'SEVES', 2, '1996-12-19', '1997-01-16', '1996-12-20', 1, '34.86', 'Seven Seas Imports', '90 Wadhurst Rd.', 'London', '', 'OX15 4NB', 'Royaume-Uni'),
(10389, 'BOTTM', 4, '1996-12-20', '1997-01-17', '1996-12-24', 2, '47.42', 'Bottom-Dollar Markets', '23 Tsawassen Blvd.', 'Tsawassen', 'BC', 'T2F 8M4', 'Canada'),
(10390, 'ERNSH', 6, '1996-12-23', '1997-01-20', '1996-12-26', 1, '126.38', 'Ernst Handel', 'Kirchgasse 6', 'Graz', '', '8010', 'Autriche'),
(10391, 'DRACD', 3, '1996-12-23', '1997-01-20', '1996-12-31', 3, '5.45', 'Drachenblut Delikatessen', 'Walserweg 21', 'Aachen', '', '52066', 'Allemagne'),
(10392, 'PICCO', 2, '1996-12-24', '1997-01-21', '1997-01-01', 3, '122.46', 'Piccolo und mehr', 'Geislweg 14', 'Salzburg', '', '5020', 'Autriche'),
(10393, 'SAVEA', 1, '1996-12-25', '1997-01-22', '1997-01-03', 3, '126.56', 'Save-a-lot Markets', '187 Suffolk Ln.', 'Boise', 'ID', '83720', 'Etats-Unis'),
(10394, 'HUNGC', 1, '1996-12-25', '1997-01-22', '1997-01-03', 3, '30.34', 'Hungry Coyote Import Store', 'City Center Plaza\r\n516 Main St.', 'Elgin', 'OR', '97827', 'Etats-Unis'),
(10395, 'HILAA', 6, '1996-12-26', '1997-01-23', '1997-01-03', 1, '184.41', 'HILARIÓN-Abastos', 'Carrera 22 con Ave. Carlos Soublette #8-35', 'San Cristóbal', 'Táchira', '5022', 'Venezuela'),
(10396, 'FRANK', 1, '1996-12-27', '1997-01-10', '1997-01-06', 3, '135.35', 'Frankenversand', 'Berliner Platz 43', 'München', '', '80805', 'Allemagne'),
(10397, 'PRINI', 5, '1996-12-27', '1997-01-24', '1997-01-02', 1, '60.26', 'Princesa Isabel Vinhos', 'Estrada da saúde n. 58', 'Lisboa', '', '1756', 'Portugal'),
(10398, 'SAVEA', 2, '1996-12-30', '1997-01-27', '1997-01-09', 3, '89.16', 'Save-a-lot Markets', '187 Suffolk Ln.', 'Boise', 'ID', '83720', 'Etats-Unis'),
(10399, 'VAFFE', 8, '1996-12-31', '1997-01-14', '1997-01-08', 3, '27.36', 'Vaffeljernet', 'Smagsløget 45', 'Århus', '', '8200', 'Danemark'),
(10400, 'EASTC', 1, '1997-01-01', '1997-01-29', '1997-01-16', 3, '83.93', 'Eastern Connection', '35 King George', 'London', '', 'WX3 6FW', 'Royaume-Uni'),
(10401, 'RATTC', 1, '1997-01-01', '1997-01-29', '1997-01-10', 1, '12.51', 'Rattlesnake Canyon Grocery', '2817 Milton Dr.', 'Albuquerque', 'NM', '87110', 'Etats-Unis'),
(10402, 'ERNSH', 8, '1997-01-02', '1997-02-13', '1997-01-10', 2, '67.88', 'Ernst Handel', 'Kirchgasse 6', 'Graz', '', '8010', 'Autriche'),
(10403, 'ERNSH', 4, '1997-01-03', '1997-01-31', '1997-01-09', 3, '73.79', 'Ernst Handel', 'Kirchgasse 6', 'Graz', '', '8010', 'Autriche'),
(10404, 'MAGAA', 2, '1997-01-03', '1997-01-31', '1997-01-08', 1, '155.97', 'Magazzini Alimentari Riuniti', 'Via Ludovico il Moro 22', 'Bergamo', '', '24100', 'Italie'),
(10405, 'LINOD', 1, '1997-01-06', '1997-02-03', '1997-01-22', 1, '34.82', 'LINO-Delicateses', 'Ave. 5 de Mayo Porlamar', 'I. de Margarita', 'Nueva Esparta', '4980', 'Venezuela'),
(10406, 'QUEEN', 7, '1997-01-07', '1997-02-18', '1997-01-13', 1, '108.04', 'Queen Cozinha', 'Alameda dos Canàrios, 891', 'São Paulo', 'SP', '05487-020', 'Brésil'),
(10407, 'OTTIK', 2, '1997-01-07', '1997-02-04', '1997-01-30', 2, '91.48', 'Ottilies Käseladen', 'Mehrheimerstr. 369', 'Köln', '', '50739', 'Allemagne'),
(10408, 'FOLIG', 8, '1997-01-08', '1997-02-05', '1997-01-14', 1, '11.26', 'Folies gourmandes', '184, chaussée de Tournai', 'Lille', '', '59000', 'France'),
(10409, 'OCEAN', 3, '1997-01-09', '1997-02-06', '1997-01-14', 1, '29.83', 'Océano Atlántico Ltda.', 'Ing. Gustavo Moncada 8585\r\nPiso 20-A', 'Buenos Aires', '', '1010', 'Argentine'),
(10410, 'BOTTM', 3, '1997-01-10', '1997-02-07', '1997-01-15', 3, '2.40', 'Bottom-Dollar Markets', '23 Tsawassen Blvd.', 'Tsawassen', 'BC', 'T2F 8M4', 'Canada'),
(10411, 'BOTTM', 9, '1997-01-10', '1997-02-07', '1997-01-21', 3, '23.65', 'Bottom-Dollar Markets', '23 Tsawassen Blvd.', 'Tsawassen', 'BC', 'T2F 8M4', 'Canada'),
(10412, 'WARTH', 8, '1997-01-13', '1997-02-10', '1997-01-15', 2, '3.77', 'Wartian Herkku', 'Torikatu 38', 'Oulu', '', '90110', 'Finlande'),
(10413, 'LAMAI', 3, '1997-01-14', '1997-02-11', '1997-01-16', 2, '95.66', 'La maison d\'Asie', '1 rue Alsace-Lorraine', 'Toulouse', '', '31000', 'France'),
(10414, 'FAMIA', 2, '1997-01-14', '1997-02-11', '1997-01-17', 3, '21.48', 'Familia Arquibaldo', 'Rua Orós, 92', 'São Paulo', 'SP', '05442-030', 'Brésil'),
(10415, 'HUNGC', 3, '1997-01-15', '1997-02-12', '1997-01-24', 1, '0.20', 'Hungry Coyote Import Store', 'City Center Plaza\r\n516 Main St.', 'Elgin', 'OR', '97827', 'Etats-Unis'),
(10416, 'WARTH', 8, '1997-01-16', '1997-02-13', '1997-01-27', 3, '22.72', 'Wartian Herkku', 'Torikatu 38', 'Oulu', '', '90110', 'Finlande'),
(10417, 'SIMOB', 4, '1997-01-16', '1997-02-13', '1997-01-28', 3, '70.29', 'Simons bistro', 'Vinbæltet 34', 'København', '', '1734', 'Danemark'),
(10418, 'QUICK', 4, '1997-01-17', '1997-02-14', '1997-01-24', 1, '17.55', 'QUICK-Stop', 'Taucherstraße 10', 'Cunewalde', '', '01307', 'Allemagne'),
(10419, 'RICSU', 4, '1997-01-20', '1997-02-17', '1997-01-30', 2, '137.35', 'Richter Supermarkt', 'Starenweg 5', 'Genève', '', '1204', 'Suisse'),
(10420, 'WELLI', 3, '1997-01-21', '1997-02-18', '1997-01-27', 1, '44.12', 'Wellington Importadora', 'Rua do Mercado, 12', 'Resende', 'SP', '08737-363', 'Brésil'),
(10421, 'QUEDE', 8, '1997-01-21', '1997-03-04', '1997-01-27', 1, '99.23', 'Que Delícia', 'Rua da Panificadora, 12', 'Rio de Janeiro', 'RJ', '02389-673', 'Brésil'),
(10422, 'FRANS', 2, '1997-01-22', '1997-02-19', '1997-01-31', 1, '3.02', 'Franchi S.p.A.', 'Via Monte Bianco 34', 'Torino', '', '10100', 'Italie'),
(10423, 'GOURL', 6, '1997-01-23', '1997-02-06', '1997-02-24', 3, '24.50', 'Gourmet Lanchonetes', 'Av. Brasil, 442', 'Campinas', 'SP', '04876-786', 'Brésil'),
(10424, 'MEREP', 7, '1997-01-23', '1997-02-20', '1997-01-27', 2, '370.61', 'Mère Paillarde', '43 rue St. Laurent', 'Montréal', 'Québec', 'H1J 1C3', 'Canada'),
(10425, 'LAMAI', 6, '1997-01-24', '1997-02-21', '1997-02-14', 2, '7.93', 'La maison d\'Asie', '1 rue Alsace-Lorraine', 'Toulouse', '', '31000', 'France'),
(10426, 'GALED', 4, '1997-01-27', '1997-02-24', '1997-02-06', 1, '18.69', 'Galería del gastronómo', 'Rambla de Cataluña, 23', 'Barcelona', '', '8022', 'Espagne'),
(10427, 'PICCO', 4, '1997-01-27', '1997-02-24', '1997-03-03', 2, '31.29', 'Piccolo und mehr', 'Geislweg 14', 'Salzburg', '', '5020', 'Autriche'),
(10428, 'REGGC', 7, '1997-01-28', '1997-02-25', '1997-02-04', 1, '11.09', 'Reggiani Caseifici', 'Strada Provinciale 124', 'Reggio Emilia', '', '42100', 'Italie'),
(10429, 'HUNGO', 3, '1997-01-29', '1997-03-12', '1997-02-07', 2, '56.63', 'Hungry Owl All-Night Grocers', '8 Johnstown Road', 'Cork', 'Co. Cork', '', 'Irlande'),
(10430, 'ERNSH', 4, '1997-01-30', '1997-02-13', '1997-02-03', 1, '458.78', 'Ernst Handel', 'Kirchgasse 6', 'Graz', '', '8010', 'Autriche'),
(10431, 'BOTTM', 4, '1997-01-30', '1997-02-13', '1997-02-07', 2, '44.17', 'Bottom-Dollar Markets', '23 Tsawassen Blvd.', 'Tsawassen', 'BC', 'T2F 8M4', 'Canada'),
(10432, 'SPLIR', 3, '1997-01-31', '1997-02-14', '1997-02-07', 2, '4.34', 'Split Rail Beer & Ale', 'P.O. Box 555', 'Lander', 'WY', '82520', 'Etats-Unis'),
(10433, 'PRINI', 3, '1997-02-03', '1997-03-03', '1997-03-04', 3, '73.83', 'Princesa Isabel Vinhos', 'Estrada da saúde n. 58', 'Lisboa', '', '1756', 'Portugal'),
(10434, 'FOLKO', 3, '1997-02-03', '1997-03-03', '1997-02-13', 2, '17.92', 'Folk och fä HB', 'Åkergatan 24', 'Bräcke', '', 'S-844 67', 'Suède'),
(10435, 'CONSH', 8, '1997-02-04', '1997-03-18', '1997-02-07', 2, '9.21', 'Consolidated Holdings', 'Berkeley Gardens\r\n12  Brewery', 'London', '', 'WX1 6LT', 'Royaume-Uni'),
(10436, 'BLONP', 3, '1997-02-05', '1997-03-05', '1997-02-11', 2, '156.66', 'Blondel père et fils', '24, place Kléber', 'Strasbourg', '', '67000', 'France'),
(10437, 'WARTH', 8, '1997-02-05', '1997-03-05', '1997-02-12', 1, '19.97', 'Wartian Herkku', 'Torikatu 38', 'Oulu', '', '90110', 'Finlande'),
(10438, 'TOMSP', 3, '1997-02-06', '1997-03-06', '1997-02-14', 2, '8.24', 'Toms Spezialitäten', 'Luisenstr. 48', 'Münster', '', '44087', 'Allemagne'),
(10439, 'MEREP', 6, '1997-02-07', '1997-03-07', '1997-02-10', 3, '4.07', 'Mère Paillarde', '43 rue St. Laurent', 'Montréal', 'Québec', 'H1J 1C3', 'Canada'),
(10440, 'SAVEA', 4, '1997-02-10', '1997-03-10', '1997-02-28', 2, '86.53', 'Save-a-lot Markets', '187 Suffolk Ln.', 'Boise', 'ID', '83720', 'Etats-Unis'),
(10441, 'OLDWO', 3, '1997-02-10', '1997-03-24', '1997-03-14', 2, '73.02', 'Old World Delicatessen', '2743 Bering St.', 'Anchorage', 'AK', '99508', 'Etats-Unis'),
(10442, 'ERNSH', 3, '1997-02-11', '1997-03-11', '1997-02-18', 2, '47.94', 'Ernst Handel', 'Kirchgasse 6', 'Graz', '', '8010', 'Autriche'),
(10443, 'REGGC', 8, '1997-02-12', '1997-03-12', '1997-02-14', 1, '13.95', 'Reggiani Caseifici', 'Strada Provinciale 124', 'Reggio Emilia', '', '42100', 'Italie'),
(10444, 'BERGS', 3, '1997-02-12', '1997-03-12', '1997-02-21', 3, '3.50', 'Berglunds snabbköp', 'Berguvsvägen  8', 'Luleå', '', 'S-958 22', 'Suède'),
(10445, 'BERGS', 3, '1997-02-13', '1997-03-13', '1997-02-20', 1, '9.30', 'Berglunds snabbköp', 'Berguvsvägen  8', 'Luleå', '', 'S-958 22', 'Suède'),
(10446, 'TOMSP', 6, '1997-02-14', '1997-03-14', '1997-02-19', 1, '14.68', 'Toms Spezialitäten', 'Luisenstr. 48', 'Münster', '', '44087', 'Allemagne'),
(10447, 'RICAR', 4, '1997-02-14', '1997-03-14', '1997-03-07', 2, '68.66', 'Ricardo Adocicados', 'Av. Copacabana, 267', 'Rio de Janeiro', 'RJ', '02389-890', 'Brésil'),
(10448, 'RANCH', 4, '1997-02-17', '1997-03-17', '1997-02-24', 2, '38.82', 'Rancho grande', 'Av. del Libertador 900', 'Buenos Aires', '', '1010', 'Argentine'),
(10449, 'BLONP', 3, '1997-02-18', '1997-03-18', '1997-02-27', 2, '53.30', 'Blondel père et fils', '24, place Kléber', 'Strasbourg', '', '67000', 'France'),
(10450, 'VICTE', 8, '1997-02-19', '1997-03-19', '1997-03-11', 2, '7.23', 'Victuailles en stock', '2, rue du Commerce', 'Lyon', '', '69004', 'France'),
(10451, 'QUICK', 4, '1997-02-19', '1997-03-05', '1997-03-12', 3, '189.09', 'QUICK-Stop', 'Taucherstraße 10', 'Cunewalde', '', '01307', 'Allemagne'),
(10452, 'SAVEA', 8, '1997-02-20', '1997-03-20', '1997-02-26', 1, '140.26', 'Save-a-lot Markets', '187 Suffolk Ln.', 'Boise', 'ID', '83720', 'Etats-Unis'),
(10453, 'AROUT', 1, '1997-02-21', '1997-03-21', '1997-02-26', 2, '25.36', 'Around the Horn', 'Brook Farm\r\nStratford St. Mary', 'Colchester', 'Essex', 'CO7 6JX', 'Royaume-Uni'),
(10454, 'LAMAI', 4, '1997-02-21', '1997-03-21', '1997-02-25', 3, '2.74', 'La maison d\'Asie', '1 rue Alsace-Lorraine', 'Toulouse', '', '31000', 'France'),
(10455, 'WARTH', 8, '1997-02-24', '1997-04-07', '1997-03-03', 2, '180.45', 'Wartian Herkku', 'Torikatu 38', 'Oulu', '', '90110', 'Finlande'),
(10456, 'KOENE', 8, '1997-02-25', '1997-04-08', '1997-02-28', 2, '8.12', 'Königlich Essen', 'Maubelstr. 90', 'Brandenburg', '', '14776', 'Allemagne'),
(10457, 'KOENE', 2, '1997-02-25', '1997-03-25', '1997-03-03', 1, '11.57', 'Königlich Essen', 'Maubelstr. 90', 'Brandenburg', '', '14776', 'Allemagne'),
(10458, 'SUPRD', 7, '1997-02-26', '1997-03-26', '1997-03-04', 3, '147.06', 'Suprêmes délices', 'Boulevard Tirou, 255', 'Charleroi', '', 'B-6000', 'Belgique'),
(10459, 'VICTE', 4, '1997-02-27', '1997-03-27', '1997-02-28', 2, '25.09', 'Victuailles en stock', '2, rue du Commerce', 'Lyon', '', '69004', 'France'),
(10460, 'FOLKO', 8, '1997-02-28', '1997-03-28', '1997-03-03', 1, '16.27', 'Folk och fä HB', 'Åkergatan 24', 'Bräcke', '', 'S-844 67', 'Suède'),
(10461, 'LILAS', 1, '1997-02-28', '1997-03-28', '1997-03-05', 3, '148.61', 'LILA-Supermercado', 'Carrera 52 con Ave. Bolívar #65-98 Llano Largo', 'Barquisimeto', 'Lara', '3508', 'Venezuela'),
(10462, 'CONSH', 2, '1997-03-03', '1997-03-31', '1997-03-18', 1, '6.17', 'Consolidated Holdings', 'Berkeley Gardens\r\n12  Brewery', 'London', '', 'WX1 6LT', 'Royaume-Uni'),
(10463, 'SUPRD', 5, '1997-03-04', '1997-04-01', '1997-03-06', 3, '14.78', 'Suprêmes délices', 'Boulevard Tirou, 255', 'Charleroi', '', 'B-6000', 'Belgique'),
(10464, 'FURIB', 4, '1997-03-04', '1997-04-01', '1997-03-14', 2, '89.00', 'Furia Bacalhau e Frutos do Mar', 'Jardim das rosas n. 32', 'Lisboa', '', '1675', 'Portugal'),
(10465, 'VAFFE', 1, '1997-03-05', '1997-04-02', '1997-03-14', 3, '145.04', 'Vaffeljernet', 'Smagsløget 45', 'Århus', '', '8200', 'Danemark'),
(10466, 'COMMI', 4, '1997-03-06', '1997-04-03', '1997-03-13', 1, '11.93', 'Comércio Mineiro', 'Av. dos Lusíadas, 23', 'São Paulo', 'SP', '05432-043', 'Brésil'),
(10467, 'MAGAA', 8, '1997-03-06', '1997-04-03', '1997-03-11', 2, '4.93', 'Magazzini Alimentari Riuniti', 'Via Ludovico il Moro 22', 'Bergamo', '', '24100', 'Italie'),
(10468, 'KOENE', 3, '1997-03-07', '1997-04-04', '1997-03-12', 3, '44.12', 'Königlich Essen', 'Maubelstr. 90', 'Brandenburg', '', '14776', 'Allemagne'),
(10469, 'WHITC', 1, '1997-03-10', '1997-04-07', '1997-03-14', 1, '60.18', 'White Clover Markets', '1029 - 12th Ave. S.', 'Seattle', 'WA', '98124', 'Etats-Unis'),
(10470, 'BONAP', 4, '1997-03-11', '1997-04-08', '1997-03-14', 2, '64.56', 'Bon app\'', '12, rue des Bouchers', 'Marseille', '', '13008', 'France'),
(10471, 'BSBEV', 2, '1997-03-11', '1997-04-08', '1997-03-18', 3, '45.59', 'B\'s Beverages', 'Fauntleroy Circus', 'London', '', 'EC2 5NT', 'Royaume-Uni'),
(10472, 'SEVES', 8, '1997-03-12', '1997-04-09', '1997-03-19', 1, '4.20', 'Seven Seas Imports', '90 Wadhurst Rd.', 'London', '', 'OX15 4NB', 'Royaume-Uni'),
(10473, 'ISLAT', 1, '1997-03-13', '1997-03-27', '1997-03-21', 3, '16.37', 'Island Trading', 'Garden House\r\nCrowther Way', 'Cowes', 'Isle of Wigth', 'PO31 7PJ', 'Royaume-Uni'),
(10474, 'PERIC', 5, '1997-03-13', '1997-04-10', '1997-03-21', 2, '83.49', 'Pericles Comidas clásicas', 'Calle Dr. Jorge Cash 321', 'México D.F.', '', '05033', 'Mexique'),
(10475, 'SUPRD', 9, '1997-03-14', '1997-04-11', '1997-04-04', 1, '68.52', 'Suprêmes délices', 'Boulevard Tirou, 255', 'Charleroi', '', 'B-6000', 'Belgique'),
(10476, 'HILAA', 8, '1997-03-17', '1997-04-14', '1997-03-24', 3, '4.41', 'HILARIÓN-Abastos', 'Carrera 22 con Ave. Carlos Soublette #8-35', 'San Cristóbal', 'Táchira', '5022', 'Venezuela'),
(10477, 'PRINI', 5, '1997-03-17', '1997-04-14', '1997-03-25', 2, '13.02', 'Princesa Isabel Vinhos', 'Estrada da saúde n. 58', 'Lisboa', '', '1756', 'Portugal'),
(10478, 'VICTE', 2, '1997-03-18', '1997-04-01', '1997-03-26', 3, '4.81', 'Victuailles en stock', '2, rue du Commerce', 'Lyon', '', '69004', 'France'),
(10479, 'RATTC', 3, '1997-03-19', '1997-04-16', '1997-03-21', 3, '708.95', 'Rattlesnake Canyon Grocery', '2817 Milton Dr.', 'Albuquerque', 'NM', '87110', 'Etats-Unis'),
(10480, 'FOLIG', 6, '1997-03-20', '1997-04-17', '1997-03-24', 2, '1.35', 'Folies gourmandes', '184, chaussée de Tournai', 'Lille', '', '59000', 'France'),
(10481, 'RICAR', 8, '1997-03-20', '1997-04-17', '1997-03-25', 2, '64.33', 'Ricardo Adocicados', 'Av. Copacabana, 267', 'Rio de Janeiro', 'RJ', '02389-890', 'Brésil'),
(10482, 'LAZYK', 1, '1997-03-21', '1997-04-18', '1997-04-10', 3, '7.48', 'Lazy K Kountry Store', '12 Orchestra Terrace', 'Walla Walla', 'WA', '99362', 'Etats-Unis'),
(10483, 'WHITC', 7, '1997-03-24', '1997-04-21', '1997-04-25', 2, '15.28', 'White Clover Markets', '1029 - 12th Ave. S.', 'Seattle', 'WA', '98124', 'Etats-Unis'),
(10484, 'BSBEV', 3, '1997-03-24', '1997-04-21', '1997-04-01', 3, '6.88', 'B\'s Beverages', 'Fauntleroy Circus', 'London', '', 'EC2 5NT', 'Royaume-Uni'),
(10485, 'LINOD', 4, '1997-03-25', '1997-04-08', '1997-03-31', 2, '64.45', 'LINO-Delicateses', 'Ave. 5 de Mayo Porlamar', 'I. de Margarita', 'Nueva Esparta', '4980', 'Venezuela'),
(10486, 'HILAA', 1, '1997-03-26', '1997-04-23', '1997-04-02', 2, '30.53', 'HILARIÓN-Abastos', 'Carrera 22 con Ave. Carlos Soublette #8-35', 'San Cristóbal', 'Táchira', '5022', 'Venezuela'),
(10487, 'QUEEN', 2, '1997-03-26', '1997-04-23', '1997-03-28', 2, '71.07', 'Queen Cozinha', 'Alameda dos Canàrios, 891', 'São Paulo', 'SP', '05487-020', 'Brésil'),
(10488, 'FRANK', 8, '1997-03-27', '1997-04-24', '1997-04-02', 2, '4.93', 'Frankenversand', 'Berliner Platz 43', 'München', '', '80805', 'Allemagne'),
(10489, 'PICCO', 6, '1997-03-28', '1997-04-25', '1997-04-09', 2, '5.29', 'Piccolo und mehr', 'Geislweg 14', 'Salzburg', '', '5020', 'Autriche'),
(10490, 'HILAA', 7, '1997-03-31', '1997-04-28', '1997-04-03', 2, '210.19', 'HILARIÓN-Abastos', 'Carrera 22 con Ave. Carlos Soublette #8-35', 'San Cristóbal', 'Táchira', '5022', 'Venezuela'),
(10491, 'FURIB', 8, '1997-03-31', '1997-04-28', '1997-04-08', 3, '16.96', 'Furia Bacalhau e Frutos do Mar', 'Jardim das rosas n. 32', 'Lisboa', '', '1675', 'Portugal'),
(10492, 'BOTTM', 3, '1997-04-01', '1997-04-29', '1997-04-11', 1, '62.89', 'Bottom-Dollar Markets', '23 Tsawassen Blvd.', 'Tsawassen', 'BC', 'T2F 8M4', 'Canada'),
(10493, 'LAMAI', 4, '1997-04-02', '1997-04-30', '1997-04-10', 3, '10.64', 'La maison d\'Asie', '1 rue Alsace-Lorraine', 'Toulouse', '', '31000', 'France'),
(10494, 'COMMI', 4, '1997-04-02', '1997-04-30', '1997-04-09', 2, '65.99', 'Comércio Mineiro', 'Av. dos Lusíadas, 23', 'São Paulo', 'SP', '05432-043', 'Brésil'),
(10495, 'LAUGB', 3, '1997-04-03', '1997-05-01', '1997-04-11', 3, '4.65', 'Laughing Bacchus Wine Cellars', '2319 Elm St.', 'Vancouver', 'BC', 'V3F 2K1', 'Canada'),
(10496, 'TRADH', 7, '1997-04-04', '1997-05-02', '1997-04-07', 2, '46.77', 'Tradição Hipermercados', 'Av. Inês de Castro, 414', 'São Paulo', 'SP', '05634-030', 'Brésil'),
(10497, 'LEHMS', 7, '1997-04-04', '1997-05-02', '1997-04-07', 1, '36.21', 'Lehmanns Marktstand', 'Magazinweg 7', 'Frankfurt a.M.', '', '60528', 'Allemagne'),
(10498, 'HILAA', 8, '1997-04-07', '1997-05-05', '1997-04-11', 2, '29.75', 'HILARIÓN-Abastos', 'Carrera 22 con Ave. Carlos Soublette #8-35', 'San Cristóbal', 'Táchira', '5022', 'Venezuela'),
(10499, 'LILAS', 4, '1997-04-08', '1997-05-06', '1997-04-16', 2, '102.02', 'LILA-Supermercado', 'Carrera 52 con Ave. Bolívar #65-98 Llano Largo', 'Barquisimeto', 'Lara', '3508', 'Venezuela'),
(10500, 'LAMAI', 6, '1997-04-09', '1997-05-07', '1997-04-17', 1, '42.68', 'La maison d\'Asie', '1 rue Alsace-Lorraine', 'Toulouse', '', '31000', 'France'),
(10501, 'BLAUS', 9, '1997-04-09', '1997-05-07', '1997-04-16', 3, '8.85', 'Blauer See Delikatessen', 'Forsterstr. 57', 'Mannheim', '', '68306', 'Allemagne'),
(10502, 'PERIC', 2, '1997-04-10', '1997-05-08', '1997-04-29', 1, '69.32', 'Pericles Comidas clásicas', 'Calle Dr. Jorge Cash 321', 'México D.F.', '', '05033', 'Mexique'),
(10503, 'HUNGO', 6, '1997-04-11', '1997-05-09', '1997-04-16', 2, '16.74', 'Hungry Owl All-Night Grocers', '8 Johnstown Road', 'Cork', 'Co. Cork', '', 'Irlande'),
(10504, 'WHITC', 4, '1997-04-11', '1997-05-09', '1997-04-18', 3, '59.13', 'White Clover Markets', '1029 - 12th Ave. S.', 'Seattle', 'WA', '98124', 'Etats-Unis'),
(10505, 'MEREP', 3, '1997-04-14', '1997-05-12', '1997-04-21', 3, '7.13', 'Mère Paillarde', '43 rue St. Laurent', 'Montréal', 'Québec', 'H1J 1C3', 'Canada'),
(10506, 'KOENE', 9, '1997-04-15', '1997-05-13', '1997-05-02', 2, '21.19', 'Königlich Essen', 'Maubelstr. 90', 'Brandenburg', '', '14776', 'Allemagne'),
(10507, 'ANTON', 7, '1997-04-15', '1997-05-13', '1997-04-22', 1, '47.45', 'Antonio Moreno Taquería', 'Mataderos  2312', 'México D.F.', '', '05023', 'Mexique'),
(10508, 'OTTIK', 1, '1997-04-16', '1997-05-14', '1997-05-13', 2, '4.99', 'Ottilies Käseladen', 'Mehrheimerstr. 369', 'Köln', '', '50739', 'Allemagne'),
(10509, 'BLAUS', 4, '1997-04-17', '1997-05-15', '1997-04-29', 1, '0.15', 'Blauer See Delikatessen', 'Forsterstr. 57', 'Mannheim', '', '68306', 'Allemagne'),
(10510, 'SAVEA', 6, '1997-04-18', '1997-05-16', '1997-04-28', 3, '367.63', 'Save-a-lot Markets', '187 Suffolk Ln.', 'Boise', 'ID', '83720', 'Etats-Unis'),
(10511, 'BONAP', 4, '1997-04-18', '1997-05-16', '1997-04-21', 3, '350.64', 'Bon app\'', '12, rue des Bouchers', 'Marseille', '', '13008', 'France'),
(10512, 'FAMIA', 7, '1997-04-21', '1997-05-19', '1997-04-24', 2, '3.53', 'Familia Arquibaldo', 'Rua Orós, 92', 'São Paulo', 'SP', '05442-030', 'Brésil'),
(10513, 'WANDK', 7, '1997-04-22', '1997-06-03', '1997-04-28', 1, '105.65', 'Die Wandernde Kuh', 'Adenauerallee 900', 'Stuttgart', '', '70563', 'Allemagne'),
(10514, 'ERNSH', 3, '1997-04-22', '1997-05-20', '1997-05-16', 2, '789.95', 'Ernst Handel', 'Kirchgasse 6', 'Graz', '', '8010', 'Autriche'),
(10515, 'QUICK', 2, '1997-04-23', '1997-05-07', '1997-05-23', 1, '204.47', 'QUICK-Stop', 'Taucherstraße 10', 'Cunewalde', '', '01307', 'Allemagne'),
(10516, 'HUNGO', 2, '1997-04-24', '1997-05-22', '1997-05-01', 3, '62.78', 'Hungry Owl All-Night Grocers', '8 Johnstown Road', 'Cork', 'Co. Cork', '', 'Irlande'),
(10517, 'NORTS', 3, '1997-04-24', '1997-05-22', '1997-04-29', 3, '32.07', 'North/South', 'South House\r\n300 Queensbridge', 'London', '', 'SW7 1RZ', 'Royaume-Uni'),
(10518, 'TORTU', 4, '1997-04-25', '1997-05-09', '1997-05-05', 2, '218.15', 'Tortuga Restaurante', 'Avda. Azteca 123', 'México D.F.', '', '05033', 'Mexique'),
(10519, 'CHOPS', 6, '1997-04-28', '1997-05-26', '1997-05-01', 3, '91.76', 'Chop-suey Chinese', 'Hauptstr. 31', 'Bern', '', '3012', 'Suisse'),
(10520, 'SANTG', 7, '1997-04-29', '1997-05-27', '1997-05-01', 1, '13.37', 'Santé Gourmet', 'Erling Skakkes gate 78', 'Stavern', '', '4110', 'Norvège'),
(10521, 'CACTU', 8, '1997-04-29', '1997-05-27', '1997-05-02', 2, '17.22', 'Cactus Comidas para llevar', 'Cerrito 333', 'Buenos Aires', '', '1010', 'Argentine'),
(10522, 'LEHMS', 4, '1997-04-30', '1997-05-28', '1997-05-06', 1, '45.33', 'Lehmanns Marktstand', 'Magazinweg 7', 'Frankfurt a.M.', '', '60528', 'Allemagne'),
(10523, 'SEVES', 7, '1997-05-01', '1997-05-29', '1997-05-30', 2, '77.63', 'Seven Seas Imports', '90 Wadhurst Rd.', 'London', '', 'OX15 4NB', 'Royaume-Uni'),
(10524, 'BERGS', 1, '1997-05-01', '1997-05-29', '1997-05-07', 2, '244.79', 'Berglunds snabbköp', 'Berguvsvägen  8', 'Luleå', '', 'S-958 22', 'Suède'),
(10525, 'BONAP', 1, '1997-05-02', '1997-05-30', '1997-05-23', 2, '11.06', 'Bon app\'', '12, rue des Bouchers', 'Marseille', '', '13008', 'France'),
(10526, 'WARTH', 4, '1997-05-05', '1997-06-02', '1997-05-15', 2, '58.59', 'Wartian Herkku', 'Torikatu 38', 'Oulu', '', '90110', 'Finlande'),
(10527, 'QUICK', 7, '1997-05-05', '1997-06-02', '1997-05-07', 1, '41.90', 'QUICK-Stop', 'Taucherstraße 10', 'Cunewalde', '', '01307', 'Allemagne'),
(10528, 'GREAL', 6, '1997-05-06', '1997-05-20', '1997-05-09', 2, '3.35', 'Great Lakes Food Market', '2732 Baker Blvd.', 'Eugene', 'OR', '97403', 'Etats-Unis'),
(10529, 'MAISD', 5, '1997-05-07', '1997-06-04', '1997-05-09', 2, '66.69', 'Maison Dewey', 'Rue Joseph-Bens 532', 'Bruxelles', '', 'B-1180', 'Belgique'),
(10530, 'PICCO', 3, '1997-05-08', '1997-06-05', '1997-05-12', 2, '339.22', 'Piccolo und mehr', 'Geislweg 14', 'Salzburg', '', '5020', 'Autriche'),
(10531, 'OCEAN', 7, '1997-05-08', '1997-06-05', '1997-05-19', 1, '8.12', 'Océano Atlántico Ltda.', 'Ing. Gustavo Moncada 8585\r\nPiso 20-A', 'Buenos Aires', '', '1010', 'Argentine'),
(10532, 'EASTC', 7, '1997-05-09', '1997-06-06', '1997-05-12', 3, '74.46', 'Eastern Connection', '35 King George', 'London', '', 'WX3 6FW', 'Royaume-Uni'),
(10533, 'FOLKO', 8, '1997-05-12', '1997-06-09', '1997-05-22', 1, '188.04', 'Folk och fä HB', 'Åkergatan 24', 'Bräcke', '', 'S-844 67', 'Suède'),
(10534, 'LEHMS', 8, '1997-05-12', '1997-06-09', '1997-05-14', 2, '27.94', 'Lehmanns Marktstand', 'Magazinweg 7', 'Frankfurt a.M.', '', '60528', 'Allemagne'),
(10535, 'ANTON', 4, '1997-05-13', '1997-06-10', '1997-05-21', 1, '15.64', 'Antonio Moreno Taquería', 'Mataderos  2312', 'México D.F.', '', '05023', 'Mexique'),
(10536, 'LEHMS', 3, '1997-05-14', '1997-06-11', '1997-06-06', 2, '58.88', 'Lehmanns Marktstand', 'Magazinweg 7', 'Frankfurt a.M.', '', '60528', 'Allemagne'),
(10537, 'RICSU', 1, '1997-05-14', '1997-05-28', '1997-05-19', 1, '78.85', 'Richter Supermarkt', 'Starenweg 5', 'Genève', '', '1204', 'Suisse'),
(10538, 'BSBEV', 9, '1997-05-15', '1997-06-12', '1997-05-16', 3, '4.87', 'B\'s Beverages', 'Fauntleroy Circus', 'London', '', 'EC2 5NT', 'Royaume-Uni'),
(10539, 'BSBEV', 6, '1997-05-16', '1997-06-13', '1997-05-23', 3, '12.36', 'B\'s Beverages', 'Fauntleroy Circus', 'London', '', 'EC2 5NT', 'Royaume-Uni'),
(10540, 'QUICK', 3, '1997-05-19', '1997-06-16', '1997-06-13', 3, '1.00', 'QUICK-Stop', 'Taucherstraße 10', 'Cunewalde', '', '01307', 'Allemagne'),
(10541, 'HANAR', 2, '1997-05-19', '1997-06-16', '1997-05-29', 1, '68.65', 'Hanari Carnes', 'Rua do Paço, 67', 'Rio de Janeiro', 'RJ', '05454-876', 'Brésil'),
(10542, 'KOENE', 1, '1997-05-20', '1997-06-17', '1997-05-26', 3, '10.95', 'Königlich Essen', 'Maubelstr. 90', 'Brandenburg', '', '14776', 'Allemagne'),
(10543, 'LILAS', 8, '1997-05-21', '1997-06-18', '1997-05-23', 2, '48.17', 'LILA-Supermercado', 'Carrera 52 con Ave. Bolívar #65-98 Llano Largo', 'Barquisimeto', 'Lara', '3508', 'Venezuela'),
(10544, 'LONEP', 4, '1997-05-21', '1997-06-18', '1997-05-30', 1, '24.91', 'Lonesome Pine Restaurant', '89 Chiaroscuro Rd.', 'Portland', 'OR', '97219', 'Etats-Unis'),
(10545, 'LAZYK', 8, '1997-05-22', '1997-06-19', '1997-06-26', 2, '11.92', 'Lazy K Kountry Store', '12 Orchestra Terrace', 'Walla Walla', 'WA', '99362', 'Etats-Unis'),
(10546, 'VICTE', 1, '1997-05-23', '1997-06-20', '1997-05-27', 3, '194.72', 'Victuailles en stock', '2, rue du Commerce', 'Lyon', '', '69004', 'France'),
(10547, 'SEVES', 3, '1997-05-23', '1997-06-20', '1997-06-02', 2, '178.43', 'Seven Seas Imports', '90 Wadhurst Rd.', 'London', '', 'OX15 4NB', 'Royaume-Uni'),
(10548, 'TOMSP', 3, '1997-05-26', '1997-06-23', '1997-06-02', 2, '1.43', 'Toms Spezialitäten', 'Luisenstr. 48', 'Münster', '', '44087', 'Allemagne'),
(10549, 'QUICK', 5, '1997-05-27', '1997-06-10', '1997-05-30', 1, '171.24', 'QUICK-Stop', 'Taucherstraße 10', 'Cunewalde', '', '01307', 'Allemagne'),
(10550, 'GODOS', 7, '1997-05-28', '1997-06-25', '1997-06-06', 3, '4.32', 'Godos Cocina Típica', 'C/ Romero, 33', 'Sevilla', '', '41101', 'Espagne'),
(10551, 'FURIB', 4, '1997-05-28', '1997-07-09', '1997-06-06', 3, '72.95', 'Furia Bacalhau e Frutos do Mar', 'Jardim das rosas n. 32', 'Lisboa', '', '1675', 'Portugal'),
(10552, 'HILAA', 2, '1997-05-29', '1997-06-26', '1997-06-05', 1, '83.22', 'HILARIÓN-Abastos', 'Carrera 22 con Ave. Carlos Soublette #8-35', 'San Cristóbal', 'Táchira', '5022', 'Venezuela'),
(10553, 'WARTH', 2, '1997-05-30', '1997-06-27', '1997-06-03', 2, '149.49', 'Wartian Herkku', 'Torikatu 38', 'Oulu', '', '90110', 'Finlande'),
(10554, 'OTTIK', 4, '1997-05-30', '1997-06-27', '1997-06-05', 3, '120.97', 'Ottilies Käseladen', 'Mehrheimerstr. 369', 'Köln', '', '50739', 'Allemagne'),
(10555, 'SAVEA', 6, '1997-06-02', '1997-06-30', '1997-06-04', 3, '252.49', 'Save-a-lot Markets', '187 Suffolk Ln.', 'Boise', 'ID', '83720', 'Etats-Unis'),
(10556, 'SIMOB', 2, '1997-06-03', '1997-07-15', '1997-06-13', 1, '9.80', 'Simons bistro', 'Vinbæltet 34', 'København', '', '1734', 'Danemark'),
(10557, 'LEHMS', 9, '1997-06-03', '1997-06-17', '1997-06-06', 2, '96.72', 'Lehmanns Marktstand', 'Magazinweg 7', 'Frankfurt a.M.', '', '60528', 'Allemagne'),
(10558, 'AROUT', 1, '1997-06-04', '1997-07-02', '1997-06-10', 2, '72.97', 'Around the Horn', 'Brook Farm\r\nStratford St. Mary', 'Colchester', 'Essex', 'CO7 6JX', 'Royaume-Uni'),
(10559, 'BLONP', 6, '1997-06-05', '1997-07-03', '1997-06-13', 1, '8.05', 'Blondel père et fils', '24, place Kléber', 'Strasbourg', '', '67000', 'France'),
(10560, 'FRANK', 8, '1997-06-06', '1997-07-04', '1997-06-09', 1, '36.65', 'Frankenversand', 'Berliner Platz 43', 'München', '', '80805', 'Allemagne'),
(10561, 'FOLKO', 2, '1997-06-06', '1997-07-04', '1997-06-09', 2, '242.21', 'Folk och fä HB', 'Åkergatan 24', 'Bräcke', '', 'S-844 67', 'Suède'),
(10562, 'REGGC', 1, '1997-06-09', '1997-07-07', '1997-06-12', 1, '22.95', 'Reggiani Caseifici', 'Strada Provinciale 124', 'Reggio Emilia', '', '42100', 'Italie'),
(10563, 'RICAR', 2, '1997-06-10', '1997-07-22', '1997-06-24', 2, '60.43', 'Ricardo Adocicados', 'Av. Copacabana, 267', 'Rio de Janeiro', 'RJ', '02389-890', 'Brésil'),
(10564, 'RATTC', 4, '1997-06-10', '1997-07-08', '1997-06-16', 3, '13.75', 'Rattlesnake Canyon Grocery', '2817 Milton Dr.', 'Albuquerque', 'NM', '87110', 'Etats-Unis'),
(10565, 'MEREP', 8, '1997-06-11', '1997-07-09', '1997-06-18', 2, '7.15', 'Mère Paillarde', '43 rue St. Laurent', 'Montréal', 'Québec', 'H1J 1C3', 'Canada');
INSERT INTO `commandes` (`N° commande`, `Code client`, `N° employé`, `Date commande`, `À livrer avant`, `Date envoi`, `N° messager`, `Port`, `Destinataire`, `Adresse livraison`, `Ville livraison`, `Région livraison`, `Code postal livraison`, `Pays livraison`) VALUES
(10566, 'BLONP', 9, '1997-06-12', '1997-07-10', '1997-06-18', 1, '88.40', 'Blondel père et fils', '24, place Kléber', 'Strasbourg', '', '67000', 'France'),
(10567, 'HUNGO', 1, '1997-06-12', '1997-07-10', '1997-06-17', 1, '33.97', 'Hungry Owl All-Night Grocers', '8 Johnstown Road', 'Cork', 'Co. Cork', '', 'Irlande'),
(10568, 'GALED', 3, '1997-06-13', '1997-07-11', '1997-07-09', 3, '6.54', 'Galería del gastronómo', 'Rambla de Cataluña, 23', 'Barcelona', '', '8022', 'Espagne'),
(10569, 'RATTC', 5, '1997-06-16', '1997-07-14', '1997-07-11', 1, '58.98', 'Rattlesnake Canyon Grocery', '2817 Milton Dr.', 'Albuquerque', 'NM', '87110', 'Etats-Unis'),
(10570, 'MEREP', 3, '1997-06-17', '1997-07-15', '1997-06-19', 3, '188.99', 'Mère Paillarde', '43 rue St. Laurent', 'Montréal', 'Québec', 'H1J 1C3', 'Canada'),
(10571, 'ERNSH', 8, '1997-06-17', '1997-07-29', '1997-07-04', 3, '26.06', 'Ernst Handel', 'Kirchgasse 6', 'Graz', '', '8010', 'Autriche'),
(10572, 'BERGS', 3, '1997-06-18', '1997-07-16', '1997-06-25', 2, '116.43', 'Berglunds snabbköp', 'Berguvsvägen  8', 'Luleå', '', 'S-958 22', 'Suède'),
(10573, 'ANTON', 7, '1997-06-19', '1997-07-17', '1997-06-20', 3, '84.84', 'Antonio Moreno Taquería', 'Mataderos  2312', 'México D.F.', '', '05023', 'Mexique'),
(10574, 'TRAIH', 4, '1997-06-19', '1997-07-17', '1997-06-30', 2, '37.60', 'Trail\'s Head Gourmet Provisioners', '722 DaVinci Blvd.', 'Kirkland', 'WA', '98034', 'Etats-Unis'),
(10575, 'MORGK', 5, '1997-06-20', '1997-07-04', '1997-06-30', 1, '127.34', 'Morgenstern Gesundkost', 'Heerstr. 22', 'Leipzig', '', '04179', 'Allemagne'),
(10576, 'TORTU', 3, '1997-06-23', '1997-07-07', '1997-06-30', 3, '18.56', 'Tortuga Restaurante', 'Avda. Azteca 123', 'México D.F.', '', '05033', 'Mexique'),
(10577, 'TRAIH', 9, '1997-06-23', '1997-08-04', '1997-06-30', 2, '25.41', 'Trail\'s Head Gourmet Provisioners', '722 DaVinci Blvd.', 'Kirkland', 'WA', '98034', 'Etats-Unis'),
(10578, 'BSBEV', 4, '1997-06-24', '1997-07-22', '1997-07-25', 3, '29.60', 'B\'s Beverages', 'Fauntleroy Circus', 'London', '', 'EC2 5NT', 'Royaume-Uni'),
(10579, 'LETSS', 1, '1997-06-25', '1997-07-23', '1997-07-04', 2, '13.73', 'Let\'s Stop N Shop', '87 Polk St.\r\nSuite 5', 'San Francisco', 'CA', '94117', 'Etats-Unis'),
(10580, 'OTTIK', 4, '1997-06-26', '1997-07-24', '1997-07-01', 3, '75.89', 'Ottilies Käseladen', 'Mehrheimerstr. 369', 'Köln', '', '50739', 'Allemagne'),
(10581, 'FAMIA', 3, '1997-06-26', '1997-07-24', '1997-07-02', 1, '3.01', 'Familia Arquibaldo', 'Rua Orós, 92', 'São Paulo', 'SP', '05442-030', 'Brésil'),
(10582, 'BLAUS', 3, '1997-06-27', '1997-07-25', '1997-07-14', 2, '27.71', 'Blauer See Delikatessen', 'Forsterstr. 57', 'Mannheim', '', '68306', 'Allemagne'),
(10583, 'WARTH', 2, '1997-06-30', '1997-07-28', '1997-07-04', 2, '7.28', 'Wartian Herkku', 'Torikatu 38', 'Oulu', '', '90110', 'Finlande'),
(10584, 'BLONP', 4, '1997-06-30', '1997-07-28', '1997-07-04', 1, '59.14', 'Blondel père et fils', '24, place Kléber', 'Strasbourg', '', '67000', 'France'),
(10585, 'WELLI', 7, '1997-07-01', '1997-07-29', '1997-07-10', 1, '13.41', 'Wellington Importadora', 'Rua do Mercado, 12', 'Resende', 'SP', '08737-363', 'Brésil'),
(10586, 'REGGC', 9, '1997-07-02', '1997-07-30', '1997-07-09', 1, '0.48', 'Reggiani Caseifici', 'Strada Provinciale 124', 'Reggio Emilia', '', '42100', 'Italie'),
(10587, 'QUEDE', 1, '1997-07-02', '1997-07-30', '1997-07-09', 1, '62.52', 'Que Delícia', 'Rua da Panificadora, 12', 'Rio de Janeiro', 'RJ', '02389-673', 'Brésil'),
(10588, 'QUICK', 2, '1997-07-03', '1997-07-31', '1997-07-10', 3, '194.67', 'QUICK-Stop', 'Taucherstraße 10', 'Cunewalde', '', '01307', 'Allemagne'),
(10589, 'GREAL', 8, '1997-07-04', '1997-08-01', '1997-07-14', 2, '4.42', 'Great Lakes Food Market', '2732 Baker Blvd.', 'Eugene', 'OR', '97403', 'Etats-Unis'),
(10590, 'MEREP', 4, '1997-07-07', '1997-08-04', '1997-07-14', 3, '44.77', 'Mère Paillarde', '43 rue St. Laurent', 'Montréal', 'Québec', 'H1J 1C3', 'Canada'),
(10591, 'VAFFE', 1, '1997-07-07', '1997-07-21', '1997-07-16', 1, '55.92', 'Vaffeljernet', 'Smagsløget 45', 'Århus', '', '8200', 'Danemark'),
(10592, 'LEHMS', 3, '1997-07-08', '1997-08-05', '1997-07-16', 1, '32.10', 'Lehmanns Marktstand', 'Magazinweg 7', 'Frankfurt a.M.', '', '60528', 'Allemagne'),
(10593, 'LEHMS', 7, '1997-07-09', '1997-08-06', '1997-08-13', 2, '174.20', 'Lehmanns Marktstand', 'Magazinweg 7', 'Frankfurt a.M.', '', '60528', 'Allemagne'),
(10594, 'OLDWO', 3, '1997-07-09', '1997-08-06', '1997-07-16', 2, '5.24', 'Old World Delicatessen', '2743 Bering St.', 'Anchorage', 'AK', '99508', 'Etats-Unis'),
(10595, 'ERNSH', 2, '1997-07-10', '1997-08-07', '1997-07-14', 1, '96.78', 'Ernst Handel', 'Kirchgasse 6', 'Graz', '', '8010', 'Autriche'),
(10596, 'WHITC', 8, '1997-07-11', '1997-08-08', '1997-08-12', 1, '16.34', 'White Clover Markets', '1029 - 12th Ave. S.', 'Seattle', 'WA', '98124', 'Etats-Unis'),
(10597, 'PICCO', 7, '1997-07-11', '1997-08-08', '1997-07-18', 3, '35.12', 'Piccolo und mehr', 'Geislweg 14', 'Salzburg', '', '5020', 'Autriche'),
(10598, 'RATTC', 1, '1997-07-14', '1997-08-11', '1997-07-18', 3, '44.42', 'Rattlesnake Canyon Grocery', '2817 Milton Dr.', 'Albuquerque', 'NM', '87110', 'Etats-Unis'),
(10599, 'BSBEV', 6, '1997-07-15', '1997-08-26', '1997-07-21', 3, '29.98', 'B\'s Beverages', 'Fauntleroy Circus', 'London', '', 'EC2 5NT', 'Royaume-Uni'),
(10600, 'HUNGC', 4, '1997-07-16', '1997-08-13', '1997-07-21', 1, '45.13', 'Hungry Coyote Import Store', 'City Center Plaza\r\n516 Main St.', 'Elgin', 'OR', '97827', 'Etats-Unis'),
(10601, 'HILAA', 7, '1997-07-16', '1997-08-27', '1997-07-22', 1, '58.30', 'HILARIÓN-Abastos', 'Carrera 22 con Ave. Carlos Soublette #8-35', 'San Cristóbal', 'Táchira', '5022', 'Venezuela'),
(10602, 'VAFFE', 8, '1997-07-17', '1997-08-14', '1997-07-22', 2, '2.92', 'Vaffeljernet', 'Smagsløget 45', 'Århus', '', '8200', 'Danemark'),
(10603, 'SAVEA', 8, '1997-07-18', '1997-08-15', '1997-08-08', 2, '48.77', 'Save-a-lot Markets', '187 Suffolk Ln.', 'Boise', 'ID', '83720', 'Etats-Unis'),
(10604, 'FURIB', 1, '1997-07-18', '1997-08-15', '1997-07-29', 1, '7.46', 'Furia Bacalhau e Frutos do Mar', 'Jardim das rosas n. 32', 'Lisboa', '', '1675', 'Portugal'),
(10605, 'MEREP', 1, '1997-07-21', '1997-08-18', '1997-07-29', 2, '379.13', 'Mère Paillarde', '43 rue St. Laurent', 'Montréal', 'Québec', 'H1J 1C3', 'Canada'),
(10606, 'TRADH', 4, '1997-07-22', '1997-08-19', '1997-07-31', 3, '79.40', 'Tradição Hipermercados', 'Av. Inês de Castro, 414', 'São Paulo', 'SP', '05634-030', 'Brésil'),
(10607, 'SAVEA', 5, '1997-07-22', '1997-08-19', '1997-07-25', 1, '200.24', 'Save-a-lot Markets', '187 Suffolk Ln.', 'Boise', 'ID', '83720', 'Etats-Unis'),
(10608, 'TOMSP', 4, '1997-07-23', '1997-08-20', '1997-08-01', 2, '27.79', 'Toms Spezialitäten', 'Luisenstr. 48', 'Münster', '', '44087', 'Allemagne'),
(10609, 'DUMON', 7, '1997-07-24', '1997-08-21', '1997-07-30', 2, '1.85', 'Du monde entier', '67, rue des Cinquante Otages', 'Nantes', '', '44000', 'France'),
(10610, 'LAMAI', 8, '1997-07-25', '1997-08-22', '1997-08-06', 1, '26.78', 'La maison d\'Asie', '1 rue Alsace-Lorraine', 'Toulouse', '', '31000', 'France'),
(10611, 'WOLZA', 6, '1997-07-25', '1997-08-22', '1997-08-01', 2, '80.65', 'Wolski Zajazd', 'ul. Filtrowa 68', 'Warszawa', '', '01-012', 'Pologne'),
(10612, 'SAVEA', 1, '1997-07-28', '1997-08-25', '1997-08-01', 2, '544.08', 'Save-a-lot Markets', '187 Suffolk Ln.', 'Boise', 'ID', '83720', 'Etats-Unis'),
(10613, 'HILAA', 4, '1997-07-29', '1997-08-26', '1997-08-01', 2, '8.11', 'HILARIÓN-Abastos', 'Carrera 22 con Ave. Carlos Soublette #8-35', 'San Cristóbal', 'Táchira', '5022', 'Venezuela'),
(10614, 'BLAUS', 8, '1997-07-29', '1997-08-26', '1997-08-01', 3, '1.93', 'Blauer See Delikatessen', 'Forsterstr. 57', 'Mannheim', '', '68306', 'Allemagne'),
(10615, 'WILMK', 2, '1997-07-30', '1997-08-27', '1997-08-06', 3, '0.75', 'Wilman Kala', 'Keskuskatu 45', 'Helsinki', '', '21240', 'Finlande'),
(10616, 'GREAL', 1, '1997-07-31', '1997-08-28', '1997-08-05', 2, '116.53', 'Great Lakes Food Market', '2732 Baker Blvd.', 'Eugene', 'OR', '97403', 'Etats-Unis'),
(10617, 'GREAL', 4, '1997-07-31', '1997-08-28', '1997-08-04', 2, '18.53', 'Great Lakes Food Market', '2732 Baker Blvd.', 'Eugene', 'OR', '97403', 'Etats-Unis'),
(10618, 'MEREP', 1, '1997-08-01', '1997-09-12', '1997-08-08', 1, '154.68', 'Mère Paillarde', '43 rue St. Laurent', 'Montréal', 'Québec', 'H1J 1C3', 'Canada'),
(10619, 'MEREP', 3, '1997-08-04', '1997-09-01', '1997-08-07', 3, '91.05', 'Mère Paillarde', '43 rue St. Laurent', 'Montréal', 'Québec', 'H1J 1C3', 'Canada'),
(10620, 'LAUGB', 2, '1997-08-05', '1997-09-02', '1997-08-14', 3, '0.94', 'Laughing Bacchus Wine Cellars', '2319 Elm St.', 'Vancouver', 'BC', 'V3F 2K1', 'Canada'),
(10621, 'ISLAT', 4, '1997-08-05', '1997-09-02', '1997-08-11', 2, '23.73', 'Island Trading', 'Garden House\r\nCrowther Way', 'Cowes', 'Isle of Wigth', 'PO31 7PJ', 'Royaume-Uni'),
(10622, 'RICAR', 4, '1997-08-06', '1997-09-03', '1997-08-11', 3, '50.97', 'Ricardo Adocicados', 'Av. Copacabana, 267', 'Rio de Janeiro', 'RJ', '02389-890', 'Brésil'),
(10623, 'FRANK', 8, '1997-08-07', '1997-09-04', '1997-08-12', 2, '97.18', 'Frankenversand', 'Berliner Platz 43', 'München', '', '80805', 'Allemagne'),
(10624, 'THECR', 4, '1997-08-07', '1997-09-04', '1997-08-19', 2, '94.80', 'The Cracker Box', '55 Grizzly Peak Rd.', 'Butte', 'MT', '59801', 'Etats-Unis'),
(10625, 'ANATR', 3, '1997-08-08', '1997-09-05', '1997-08-14', 1, '43.90', 'Ana Trujillo Emparedados y helados', 'Avda. de la Constitución 2222', 'México D.F.', '', '05021', 'Mexique'),
(10626, 'BERGS', 1, '1997-08-11', '1997-09-08', '1997-08-20', 2, '138.69', 'Berglunds snabbköp', 'Berguvsvägen  8', 'Luleå', '', 'S-958 22', 'Suède'),
(10627, 'SAVEA', 8, '1997-08-11', '1997-09-22', '1997-08-21', 3, '107.46', 'Save-a-lot Markets', '187 Suffolk Ln.', 'Boise', 'ID', '83720', 'Etats-Unis'),
(10628, 'BLONP', 4, '1997-08-12', '1997-09-09', '1997-08-20', 3, '30.36', 'Blondel père et fils', '24, place Kléber', 'Strasbourg', '', '67000', 'France'),
(10629, 'GODOS', 4, '1997-08-12', '1997-09-09', '1997-08-20', 3, '85.46', 'Godos Cocina Típica', 'C/ Romero, 33', 'Sevilla', '', '41101', 'Espagne'),
(10630, 'KOENE', 1, '1997-08-13', '1997-09-10', '1997-08-19', 2, '32.35', 'Königlich Essen', 'Maubelstr. 90', 'Brandenburg', '', '14776', 'Allemagne'),
(10631, 'LAMAI', 8, '1997-08-14', '1997-09-11', '1997-08-15', 1, '0.87', 'La maison d\'Asie', '1 rue Alsace-Lorraine', 'Toulouse', '', '31000', 'France'),
(10632, 'WANDK', 8, '1997-08-14', '1997-09-11', '1997-08-19', 1, '41.38', 'Die Wandernde Kuh', 'Adenauerallee 900', 'Stuttgart', '', '70563', 'Allemagne'),
(10633, 'ERNSH', 7, '1997-08-15', '1997-09-12', '1997-08-18', 3, '477.90', 'Ernst Handel', 'Kirchgasse 6', 'Graz', '', '8010', 'Autriche'),
(10634, 'FOLIG', 4, '1997-08-15', '1997-09-12', '1997-08-21', 3, '487.38', 'Folies gourmandes', '184, chaussée de Tournai', 'Lille', '', '59000', 'France'),
(10635, 'MAGAA', 8, '1997-08-18', '1997-09-15', '1997-08-21', 3, '47.46', 'Magazzini Alimentari Riuniti', 'Via Ludovico il Moro 22', 'Bergamo', '', '24100', 'Italie'),
(10636, 'WARTH', 4, '1997-08-19', '1997-09-16', '1997-08-26', 1, '1.15', 'Wartian Herkku', 'Torikatu 38', 'Oulu', '', '90110', 'Finlande'),
(10637, 'QUEEN', 6, '1997-08-19', '1997-09-16', '1997-08-26', 1, '201.29', 'Queen Cozinha', 'Alameda dos Canàrios, 891', 'São Paulo', 'SP', '05487-020', 'Brésil'),
(10638, 'LINOD', 3, '1997-08-20', '1997-09-17', '1997-09-01', 1, '158.44', 'LINO-Delicateses', 'Ave. 5 de Mayo Porlamar', 'I. de Margarita', 'Nueva Esparta', '4980', 'Venezuela'),
(10639, 'SANTG', 7, '1997-08-20', '1997-09-17', '1997-08-27', 3, '38.64', 'Santé Gourmet', 'Erling Skakkes gate 78', 'Stavern', '', '4110', 'Norvège'),
(10640, 'WANDK', 4, '1997-08-21', '1997-09-18', '1997-08-28', 1, '23.55', 'Die Wandernde Kuh', 'Adenauerallee 900', 'Stuttgart', '', '70563', 'Allemagne'),
(10641, 'HILAA', 4, '1997-08-22', '1997-09-19', '1997-08-26', 2, '179.61', 'HILARIÓN-Abastos', 'Carrera 22 con Ave. Carlos Soublette #8-35', 'San Cristóbal', 'Táchira', '5022', 'Venezuela'),
(10642, 'SIMOB', 7, '1997-08-22', '1997-09-19', '1997-09-05', 3, '41.89', 'Simons bistro', 'Vinbæltet 34', 'København', '', '1734', 'Danemark'),
(10643, 'AROUT', 6, '1997-08-25', '1997-09-22', '1997-09-02', 1, '29.46', 'Around the Horn', '120 Hanover Sq.', 'London', '', 'WA1 1DP', 'Royaume-Uni'),
(10644, 'WELLI', 3, '1997-08-25', '1997-09-22', '1997-09-01', 2, '0.14', 'Wellington Importadora', 'Rua do Mercado, 12', 'Resende', 'SP', '08737-363', 'Brésil'),
(10645, 'HANAR', 4, '1997-08-26', '1997-09-23', '1997-09-02', 1, '12.41', 'Hanari Carnes', 'Rua do Paço, 67', 'Rio de Janeiro', 'RJ', '05454-876', 'Brésil'),
(10646, 'HUNGO', 9, '1997-08-27', '1997-10-08', '1997-09-03', 3, '142.33', 'Hungry Owl All-Night Grocers', '8 Johnstown Road', 'Cork', 'Co. Cork', '', 'Irlande'),
(10647, 'QUEDE', 4, '1997-08-27', '1997-09-10', '1997-09-03', 2, '45.54', 'Que Delícia', 'Rua da Panificadora, 12', 'Rio de Janeiro', 'RJ', '02389-673', 'Brésil'),
(10648, 'RICAR', 5, '1997-08-28', '1997-10-09', '1997-09-09', 2, '14.25', 'Ricardo Adocicados', 'Av. Copacabana, 267', 'Rio de Janeiro', 'RJ', '02389-890', 'Brésil'),
(10649, 'MAISD', 5, '1997-08-28', '1997-09-25', '1997-08-29', 3, '6.20', 'Maison Dewey', 'Rue Joseph-Bens 532', 'Bruxelles', '', 'B-1180', 'Belgique'),
(10650, 'FAMIA', 5, '1997-08-29', '1997-09-26', '1997-09-03', 3, '176.81', 'Familia Arquibaldo', 'Rua Orós, 92', 'São Paulo', 'SP', '05442-030', 'Brésil'),
(10651, 'WANDK', 8, '1997-09-01', '1997-09-29', '1997-09-11', 2, '20.60', 'Die Wandernde Kuh', 'Adenauerallee 900', 'Stuttgart', '', '70563', 'Allemagne'),
(10652, 'GOURL', 4, '1997-09-01', '1997-09-29', '1997-09-08', 2, '7.14', 'Gourmet Lanchonetes', 'Av. Brasil, 442', 'Campinas', 'SP', '04876-786', 'Brésil'),
(10653, 'FRANK', 1, '1997-09-02', '1997-09-30', '1997-09-19', 1, '93.25', 'Frankenversand', 'Berliner Platz 43', 'München', '', '80805', 'Allemagne'),
(10654, 'BERGS', 5, '1997-09-02', '1997-09-30', '1997-09-11', 1, '55.26', 'Berglunds snabbköp', 'Berguvsvägen  8', 'Luleå', '', 'S-958 22', 'Suède'),
(10655, 'REGGC', 1, '1997-09-03', '1997-10-01', '1997-09-11', 2, '4.41', 'Reggiani Caseifici', 'Strada Provinciale 124', 'Reggio Emilia', '', '42100', 'Italie'),
(10656, 'GREAL', 6, '1997-09-04', '1997-10-02', '1997-09-10', 1, '57.15', 'Great Lakes Food Market', '2732 Baker Blvd.', 'Eugene', 'OR', '97403', 'Etats-Unis'),
(10657, 'SAVEA', 2, '1997-09-04', '1997-10-02', '1997-09-15', 2, '352.69', 'Save-a-lot Markets', '187 Suffolk Ln.', 'Boise', 'ID', '83720', 'Etats-Unis'),
(10658, 'QUICK', 4, '1997-09-05', '1997-10-03', '1997-09-08', 1, '364.15', 'QUICK-Stop', 'Taucherstraße 10', 'Cunewalde', '', '01307', 'Allemagne'),
(10659, 'QUEEN', 7, '1997-09-05', '1997-10-03', '1997-09-10', 2, '105.81', 'Queen Cozinha', 'Alameda dos Canàrios, 891', 'São Paulo', 'SP', '05487-020', 'Brésil'),
(10660, 'HUNGC', 8, '1997-09-08', '1997-10-06', '1997-10-15', 1, '111.29', 'Hungry Coyote Import Store', 'City Center Plaza\r\n516 Main St.', 'Elgin', 'OR', '97827', 'Etats-Unis'),
(10661, 'HUNGO', 7, '1997-09-09', '1997-10-07', '1997-09-15', 3, '17.55', 'Hungry Owl All-Night Grocers', '8 Johnstown Road', 'Cork', 'Co. Cork', '', 'Irlande'),
(10662, 'LONEP', 3, '1997-09-09', '1997-10-07', '1997-09-18', 2, '1.28', 'Lonesome Pine Restaurant', '89 Chiaroscuro Rd.', 'Portland', 'OR', '97219', 'Etats-Unis'),
(10663, 'BONAP', 2, '1997-09-10', '1997-09-24', '1997-10-03', 2, '113.15', 'Bon app\'', '12, rue des Bouchers', 'Marseille', '', '13008', 'France'),
(10664, 'FURIB', 1, '1997-09-10', '1997-10-08', '1997-09-19', 3, '1.27', 'Furia Bacalhau e Frutos do Mar', 'Jardim das rosas n. 32', 'Lisboa', '', '1675', 'Portugal'),
(10665, 'LONEP', 1, '1997-09-11', '1997-10-09', '1997-09-17', 2, '26.31', 'Lonesome Pine Restaurant', '89 Chiaroscuro Rd.', 'Portland', 'OR', '97219', 'Etats-Unis'),
(10666, 'RICSU', 7, '1997-09-12', '1997-10-10', '1997-09-22', 2, '232.42', 'Richter Supermarkt', 'Starenweg 5', 'Genève', '', '1204', 'Suisse'),
(10667, 'ERNSH', 7, '1997-09-12', '1997-10-10', '1997-09-19', 1, '78.09', 'Ernst Handel', 'Kirchgasse 6', 'Graz', '', '8010', 'Autriche'),
(10668, 'WANDK', 1, '1997-09-15', '1997-10-13', '1997-09-23', 2, '47.22', 'Die Wandernde Kuh', 'Adenauerallee 900', 'Stuttgart', '', '70563', 'Allemagne'),
(10669, 'SIMOB', 2, '1997-09-15', '1997-10-13', '1997-09-22', 1, '24.39', 'Simons bistro', 'Vinbæltet 34', 'København', '', '1734', 'Danemark'),
(10670, 'FRANK', 4, '1997-09-16', '1997-10-14', '1997-09-18', 1, '203.48', 'Frankenversand', 'Berliner Platz 43', 'München', '', '80805', 'Allemagne'),
(10671, 'FRANR', 1, '1997-09-17', '1997-10-15', '1997-09-24', 1, '30.34', 'France restauration', '54, rue Royale', 'Nantes', '', '44000', 'France'),
(10672, 'BERGS', 9, '1997-09-17', '1997-10-01', '1997-09-26', 2, '95.75', 'Berglunds snabbköp', 'Berguvsvägen  8', 'Luleå', '', 'S-958 22', 'Suède'),
(10673, 'WILMK', 2, '1997-09-18', '1997-10-16', '1997-09-19', 1, '22.76', 'Wilman Kala', 'Keskuskatu 45', 'Helsinki', '', '21240', 'Finlande'),
(10674, 'ISLAT', 4, '1997-09-18', '1997-10-16', '1997-09-30', 2, '0.90', 'Island Trading', 'Garden House\r\nCrowther Way', 'Cowes', 'Isle of Wigth', 'PO31 7PJ', 'Royaume-Uni'),
(10675, 'FRANK', 5, '1997-09-19', '1997-10-17', '1997-09-23', 2, '31.85', 'Frankenversand', 'Berliner Platz 43', 'München', '', '80805', 'Allemagne'),
(10676, 'TORTU', 2, '1997-09-22', '1997-10-20', '1997-09-29', 2, '2.01', 'Tortuga Restaurante', 'Avda. Azteca 123', 'México D.F.', '', '05033', 'Mexique'),
(10677, 'ANTON', 1, '1997-09-22', '1997-10-20', '1997-09-26', 3, '4.03', 'Antonio Moreno Taquería', 'Mataderos  2312', 'México D.F.', '', '05023', 'Mexique'),
(10678, 'SAVEA', 7, '1997-09-23', '1997-10-21', '1997-10-16', 3, '388.98', 'Save-a-lot Markets', '187 Suffolk Ln.', 'Boise', 'ID', '83720', 'Etats-Unis'),
(10679, 'BLONP', 8, '1997-09-23', '1997-10-21', '1997-09-30', 3, '27.94', 'Blondel père et fils', '24, place Kléber', 'Strasbourg', '', '67000', 'France'),
(10680, 'OLDWO', 1, '1997-09-24', '1997-10-22', '1997-09-26', 1, '26.61', 'Old World Delicatessen', '2743 Bering St.', 'Anchorage', 'AK', '99508', 'Etats-Unis'),
(10681, 'GREAL', 3, '1997-09-25', '1997-10-23', '1997-09-30', 3, '76.13', 'Great Lakes Food Market', '2732 Baker Blvd.', 'Eugene', 'OR', '97403', 'Etats-Unis'),
(10682, 'ANTON', 3, '1997-09-25', '1997-10-23', '1997-10-01', 2, '36.13', 'Antonio Moreno Taquería', 'Mataderos  2312', 'México D.F.', '', '05023', 'Mexique'),
(10683, 'DUMON', 2, '1997-09-26', '1997-10-24', '1997-10-01', 1, '4.40', 'Du monde entier', '67, rue des Cinquante Otages', 'Nantes', '', '44000', 'France'),
(10684, 'OTTIK', 3, '1997-09-26', '1997-10-24', '1997-09-30', 1, '145.63', 'Ottilies Käseladen', 'Mehrheimerstr. 369', 'Köln', '', '50739', 'Allemagne'),
(10685, 'GOURL', 4, '1997-09-29', '1997-10-13', '1997-10-03', 2, '33.75', 'Gourmet Lanchonetes', 'Av. Brasil, 442', 'Campinas', 'SP', '04876-786', 'Brésil'),
(10686, 'PICCO', 2, '1997-09-30', '1997-10-28', '1997-10-08', 1, '96.50', 'Piccolo und mehr', 'Geislweg 14', 'Salzburg', '', '5020', 'Autriche'),
(10687, 'HUNGO', 9, '1997-09-30', '1997-10-28', '1997-10-30', 2, '296.43', 'Hungry Owl All-Night Grocers', '8 Johnstown Road', 'Cork', 'Co. Cork', '', 'Irlande'),
(10688, 'VAFFE', 4, '1997-10-01', '1997-10-15', '1997-10-07', 2, '299.09', 'Vaffeljernet', 'Smagsløget 45', 'Århus', '', '8200', 'Danemark'),
(10689, 'BERGS', 1, '1997-10-01', '1997-10-29', '1997-10-07', 2, '13.42', 'Berglunds snabbköp', 'Berguvsvägen  8', 'Luleå', '', 'S-958 22', 'Suède'),
(10690, 'HANAR', 1, '1997-10-02', '1997-10-30', '1997-10-03', 1, '15.80', 'Hanari Carnes', 'Rua do Paço, 67', 'Rio de Janeiro', 'RJ', '05454-876', 'Brésil'),
(10691, 'QUICK', 2, '1997-10-03', '1997-11-14', '1997-10-22', 2, '810.05', 'QUICK-Stop', 'Taucherstraße 10', 'Cunewalde', '', '01307', 'Allemagne'),
(10692, 'BSBEV', 4, '1997-10-03', '1997-10-31', '1997-10-13', 2, '61.02', 'B\'s Beverages', 'Fauntleroy Circus', 'London', '', 'EC2 5NT', 'Royaume-Uni'),
(10693, 'WHITC', 3, '1997-10-06', '1997-10-20', '1997-10-10', 3, '139.34', 'White Clover Markets', '1029 - 12th Ave. S.', 'Seattle', 'WA', '98124', 'Etats-Unis'),
(10694, 'QUICK', 8, '1997-10-06', '1997-11-03', '1997-10-09', 3, '398.36', 'QUICK-Stop', 'Taucherstraße 10', 'Cunewalde', '', '01307', 'Allemagne'),
(10695, 'WILMK', 7, '1997-10-07', '1997-11-18', '1997-10-14', 1, '16.72', 'Wilman Kala', 'Keskuskatu 45', 'Helsinki', '', '21240', 'Finlande'),
(10696, 'WHITC', 8, '1997-10-08', '1997-11-19', '1997-10-14', 3, '102.55', 'White Clover Markets', '1029 - 12th Ave. S.', 'Seattle', 'WA', '98124', 'Etats-Unis'),
(10697, 'LINOD', 3, '1997-10-08', '1997-11-05', '1997-10-14', 1, '45.52', 'LINO-Delicateses', 'Ave. 5 de Mayo Porlamar', 'I. de Margarita', 'Nueva Esparta', '4980', 'Venezuela'),
(10698, 'ERNSH', 4, '1997-10-09', '1997-11-06', '1997-10-17', 1, '272.47', 'Ernst Handel', 'Kirchgasse 6', 'Graz', '', '8010', 'Autriche'),
(10699, 'MORGK', 3, '1997-10-09', '1997-11-06', '1997-10-13', 3, '0.58', 'Morgenstern Gesundkost', 'Heerstr. 22', 'Leipzig', '', '04179', 'Allemagne'),
(10700, 'SAVEA', 3, '1997-10-10', '1997-11-07', '1997-10-16', 1, '65.10', 'Save-a-lot Markets', '187 Suffolk Ln.', 'Boise', 'ID', '83720', 'Etats-Unis'),
(10701, 'HUNGO', 6, '1997-10-13', '1997-10-27', '1997-10-15', 3, '220.31', 'Hungry Owl All-Night Grocers', '8 Johnstown Road', 'Cork', 'Co. Cork', '', 'Irlande'),
(10702, 'ALFKI', 4, '0000-00-00', '1997-11-24', '1997-10-21', 1, '23.94', 'Alfreds Futterkiste', 'Obere Str. 57', 'Berlin', '', '12209', 'Allemagne'),
(10703, 'FOLKO', 6, '1997-10-14', '1997-11-11', '1997-10-20', 2, '152.30', 'Folk och fä HB', 'Åkergatan 24', 'Bräcke', '', 'S-844 67', 'Suède'),
(10704, 'QUEEN', 6, '1997-10-14', '1997-11-11', '1997-11-07', 1, '4.78', 'Queen Cozinha', 'Alameda dos Canàrios, 891', 'São Paulo', 'SP', '05487-020', 'Brésil'),
(10705, 'HILAA', 9, '1997-10-15', '1997-11-12', '1997-11-18', 2, '3.52', 'HILARIÓN-Abastos', 'Carrera 22 con Ave. Carlos Soublette #8-35', 'San Cristóbal', 'Táchira', '5022', 'Venezuela'),
(10706, 'OLDWO', 8, '1997-10-16', '1997-11-13', '1997-10-21', 3, '135.63', 'Old World Delicatessen', '2743 Bering St.', 'Anchorage', 'AK', '99508', 'Etats-Unis'),
(10707, 'AROUT', 4, '1997-10-16', '1997-10-30', '1997-10-23', 3, '21.74', 'Around the Horn', 'Brook Farm\r\nStratford St. Mary', 'Colchester', 'Essex', 'CO7 6JX', 'Royaume-Uni'),
(10708, 'THEBI', 6, '1997-10-17', '1997-11-28', '1997-11-05', 2, '2.96', 'The Big Cheese', '89 Jefferson Way\r\nSuite 2', 'Portland', 'OR', '97201', 'Etats-Unis'),
(10709, 'GOURL', 1, '1997-10-17', '1997-11-14', '1997-11-20', 3, '210.80', 'Gourmet Lanchonetes', 'Av. Brasil, 442', 'Campinas', 'SP', '04876-786', 'Brésil'),
(10710, 'FRANS', 1, '1997-10-20', '1997-11-17', '1997-10-23', 1, '4.98', 'Franchi S.p.A.', 'Via Monte Bianco 34', 'Torino', '', '10100', 'Italie'),
(10711, 'SAVEA', 5, '1997-10-21', '1997-12-02', '1997-10-29', 2, '52.41', 'Save-a-lot Markets', '187 Suffolk Ln.', 'Boise', 'ID', '83720', 'Etats-Unis'),
(10712, 'HUNGO', 3, '1997-10-21', '1997-11-18', '1997-10-31', 1, '89.93', 'Hungry Owl All-Night Grocers', '8 Johnstown Road', 'Cork', 'Co. Cork', '', 'Irlande'),
(10713, 'SAVEA', 1, '1997-10-22', '1997-11-19', '1997-10-24', 1, '167.05', 'Save-a-lot Markets', '187 Suffolk Ln.', 'Boise', 'ID', '83720', 'Etats-Unis'),
(10714, 'SAVEA', 5, '1997-10-22', '1997-11-19', '1997-10-27', 3, '24.49', 'Save-a-lot Markets', '187 Suffolk Ln.', 'Boise', 'ID', '83720', 'Etats-Unis'),
(10715, 'BONAP', 3, '1997-10-23', '1997-11-06', '1997-10-29', 1, '63.20', 'Bon app\'', '12, rue des Bouchers', 'Marseille', '', '13008', 'France'),
(10716, 'RANCH', 4, '1997-10-24', '1997-11-21', '1997-10-27', 2, '22.57', 'Rancho grande', 'Av. del Libertador 900', 'Buenos Aires', '', '1010', 'Argentine'),
(10717, 'FRANK', 1, '1997-10-24', '1997-11-21', '1997-10-29', 2, '59.25', 'Frankenversand', 'Berliner Platz 43', 'München', '', '80805', 'Allemagne'),
(10718, 'KOENE', 1, '1997-10-27', '1997-11-24', '1997-10-29', 3, '170.88', 'Königlich Essen', 'Maubelstr. 90', 'Brandenburg', '', '14776', 'Allemagne'),
(10719, 'LETSS', 8, '1997-10-27', '1997-11-24', '1997-11-05', 2, '51.44', 'Let\'s Stop N Shop', '87 Polk St.\r\nSuite 5', 'San Francisco', 'CA', '94117', 'Etats-Unis'),
(10720, 'QUEDE', 8, '1997-10-28', '1997-11-11', '1997-11-05', 2, '9.53', 'Que Delícia', 'Rua da Panificadora, 12', 'Rio de Janeiro', 'RJ', '02389-673', 'Brésil'),
(10721, 'QUICK', 5, '1997-10-29', '1997-11-26', '1997-10-31', 3, '48.92', 'QUICK-Stop', 'Taucherstraße 10', 'Cunewalde', '', '01307', 'Allemagne'),
(10722, 'SAVEA', 8, '1997-10-29', '1997-12-10', '1997-11-04', 1, '74.58', 'Save-a-lot Markets', '187 Suffolk Ln.', 'Boise', 'ID', '83720', 'Etats-Unis'),
(10723, 'WHITC', 3, '1997-10-30', '1997-11-27', '1997-11-25', 1, '21.72', 'White Clover Markets', '1029 - 12th Ave. S.', 'Seattle', 'WA', '98124', 'Etats-Unis'),
(10724, 'MEREP', 8, '1997-10-30', '1997-12-11', '1997-11-05', 2, '57.75', 'Mère Paillarde', '43 rue St. Laurent', 'Montréal', 'Québec', 'H1J 1C3', 'Canada'),
(10725, 'FAMIA', 4, '1997-10-31', '1997-11-28', '1997-11-05', 3, '10.83', 'Familia Arquibaldo', 'Rua Orós, 92', 'São Paulo', 'SP', '05442-030', 'Brésil'),
(10726, 'EASTC', 4, '1997-11-03', '1997-11-17', '1997-12-05', 1, '16.56', 'Eastern Connection', '35 King George', 'London', '', 'WX3 6FW', 'Royaume-Uni'),
(10727, 'REGGC', 2, '1997-11-03', '1997-12-01', '1997-12-05', 1, '89.90', 'Reggiani Caseifici', 'Strada Provinciale 124', 'Reggio Emilia', '', '42100', 'Italie'),
(10728, 'QUEEN', 4, '1997-11-04', '1997-12-02', '1997-11-11', 2, '58.33', 'Queen Cozinha', 'Alameda dos Canàrios, 891', 'São Paulo', 'SP', '05487-020', 'Brésil'),
(10729, 'LINOD', 8, '1997-11-04', '1997-12-16', '1997-11-14', 3, '141.06', 'LINO-Delicateses', 'Ave. 5 de Mayo Porlamar', 'I. de Margarita', 'Nueva Esparta', '4980', 'Venezuela'),
(10730, 'BONAP', 5, '1997-11-05', '1997-12-03', '1997-11-14', 1, '20.12', 'Bon app\'', '12, rue des Bouchers', 'Marseille', '', '13008', 'France'),
(10731, 'CHOPS', 7, '1997-11-06', '1997-12-04', '1997-11-14', 1, '96.65', 'Chop-suey Chinese', 'Hauptstr. 31', 'Bern', '', '3012', 'Suisse'),
(10732, 'BONAP', 3, '1997-11-06', '1997-12-04', '1997-11-07', 1, '16.97', 'Bon app\'', '12, rue des Bouchers', 'Marseille', '', '13008', 'France'),
(10733, 'BERGS', 1, '1997-11-07', '1997-12-05', '1997-11-10', 3, '110.11', 'Berglunds snabbköp', 'Berguvsvägen  8', 'Luleå', '', 'S-958 22', 'Suède'),
(10734, 'GOURL', 2, '1997-11-07', '1997-12-05', '1997-11-12', 3, '1.63', 'Gourmet Lanchonetes', 'Av. Brasil, 442', 'Campinas', 'SP', '04876-786', 'Brésil'),
(10735, 'LETSS', 6, '1997-11-10', '1997-12-08', '1997-11-21', 2, '45.97', 'Let\'s Stop N Shop', '87 Polk St.\r\nSuite 5', 'San Francisco', 'CA', '94117', 'Etats-Unis'),
(10736, 'HUNGO', 9, '1997-11-11', '1997-12-09', '1997-11-21', 2, '44.10', 'Hungry Owl All-Night Grocers', '8 Johnstown Road', 'Cork', 'Co. Cork', '', 'Irlande'),
(10737, 'VINET', 2, '1997-11-11', '1997-12-09', '1997-11-18', 2, '7.79', 'Vins et alcools Chevalier', '59 rue de l\'Abbaye', 'Reims', '', '51100', 'France'),
(10738, 'SPECD', 2, '1997-11-12', '1997-12-10', '1997-11-18', 1, '2.91', 'Spécialités du monde', '25, rue Lauriston', 'Paris', '', '75016', 'France'),
(10739, 'VINET', 3, '1997-11-12', '1997-12-10', '1997-11-17', 3, '11.08', 'Vins et alcools Chevalier', '59 rue de l\'Abbaye', 'Reims', '', '51100', 'France'),
(10740, 'WHITC', 4, '1997-11-13', '1997-12-11', '1997-11-25', 2, '81.88', 'White Clover Markets', '1029 - 12th Ave. S.', 'Seattle', 'WA', '98124', 'Etats-Unis'),
(10741, 'AROUT', 4, '1997-11-14', '1997-11-28', '1997-11-18', 3, '10.96', 'Around the Horn', 'Brook Farm\r\nStratford St. Mary', 'Colchester', 'Essex', 'CO7 6JX', 'Royaume-Uni'),
(10742, 'BOTTM', 3, '1997-11-14', '1997-12-12', '1997-11-18', 3, '243.73', 'Bottom-Dollar Markets', '23 Tsawassen Blvd.', 'Tsawassen', 'BC', 'T2F 8M4', 'Canada'),
(10743, 'AROUT', 1, '1997-11-17', '1997-12-15', '1997-11-21', 2, '23.72', 'Around the Horn', 'Brook Farm\r\nStratford St. Mary', 'Colchester', 'Essex', 'CO7 6JX', 'Royaume-Uni'),
(10744, 'VAFFE', 6, '1997-11-17', '1997-12-15', '1997-11-24', 1, '69.19', 'Vaffeljernet', 'Smagsløget 45', 'Århus', '', '8200', 'Danemark'),
(10745, 'QUICK', 9, '1997-11-18', '1997-12-16', '1997-11-27', 1, '3.52', 'QUICK-Stop', 'Taucherstraße 10', 'Cunewalde', '', '01307', 'Allemagne'),
(10746, 'CHOPS', 1, '1997-11-19', '1997-12-17', '1997-11-21', 3, '31.43', 'Chop-suey Chinese', 'Hauptstr. 31', 'Bern', '', '3012', 'Suisse'),
(10747, 'PICCO', 6, '1997-11-19', '1997-12-17', '1997-11-26', 1, '117.33', 'Piccolo und mehr', 'Geislweg 14', 'Salzburg', '', '5020', 'Autriche'),
(10748, 'SAVEA', 3, '1997-11-20', '1997-12-18', '1997-11-28', 1, '232.55', 'Save-a-lot Markets', '187 Suffolk Ln.', 'Boise', 'ID', '83720', 'Etats-Unis'),
(10749, 'ISLAT', 4, '1997-11-20', '1997-12-18', '1997-12-19', 2, '61.53', 'Island Trading', 'Garden House\r\nCrowther Way', 'Cowes', 'Isle of Wigth', 'PO31 7PJ', 'Royaume-Uni'),
(10750, 'WARTH', 9, '1997-11-21', '1997-12-19', '1997-11-24', 1, '79.30', 'Wartian Herkku', 'Torikatu 38', 'Oulu', '', '90110', 'Finlande'),
(10751, 'RICSU', 3, '1997-11-24', '1997-12-22', '1997-12-03', 3, '130.79', 'Richter Supermarkt', 'Starenweg 5', 'Genève', '', '1204', 'Suisse'),
(10752, 'NORTS', 2, '1997-11-24', '1997-12-22', '1997-11-28', 3, '1.39', 'North/South', 'South House\r\n300 Queensbridge', 'London', '', 'SW7 1RZ', 'Royaume-Uni'),
(10753, 'FRANS', 3, '1997-11-25', '1997-12-23', '1997-11-27', 1, '7.70', 'Franchi S.p.A.', 'Via Monte Bianco 34', 'Torino', '', '10100', 'Italie'),
(10754, 'MAGAA', 6, '1997-11-25', '1997-12-23', '1997-11-27', 3, '2.38', 'Magazzini Alimentari Riuniti', 'Via Ludovico il Moro 22', 'Bergamo', '', '24100', 'Italie'),
(10755, 'BONAP', 4, '1997-11-26', '1997-12-24', '1997-11-28', 2, '16.71', 'Bon app\'', '12, rue des Bouchers', 'Marseille', '', '13008', 'France'),
(10756, 'SPLIR', 8, '1997-11-27', '1997-12-25', '1997-12-02', 2, '73.21', 'Split Rail Beer & Ale', 'P.O. Box 555', 'Lander', 'WY', '82520', 'Etats-Unis'),
(10757, 'SAVEA', 6, '1997-11-27', '1997-12-25', '1997-12-15', 1, '8.19', 'Save-a-lot Markets', '187 Suffolk Ln.', 'Boise', 'ID', '83720', 'Etats-Unis'),
(10758, 'RICSU', 3, '1997-11-28', '1997-12-26', '1997-12-04', 3, '138.17', 'Richter Supermarkt', 'Starenweg 5', 'Genève', '', '1204', 'Suisse'),
(10759, 'ANATR', 3, '1997-11-28', '1997-12-26', '1997-12-12', 3, '11.99', 'Ana Trujillo Emparedados y helados', 'Avda. de la Constitución 2222', 'México D.F.', '', '05021', 'Mexique'),
(10760, 'MAISD', 4, '1997-12-01', '1997-12-29', '1997-12-10', 1, '155.64', 'Maison Dewey', 'Rue Joseph-Bens 532', 'Bruxelles', '', 'B-1180', 'Belgique'),
(10761, 'RATTC', 5, '1997-12-02', '1997-12-30', '1997-12-08', 2, '18.66', 'Rattlesnake Canyon Grocery', '2817 Milton Dr.', 'Albuquerque', 'NM', '87110', 'Etats-Unis'),
(10762, 'FOLKO', 3, '1997-12-02', '1997-12-30', '1997-12-09', 1, '328.74', 'Folk och fä HB', 'Åkergatan 24', 'Bräcke', '', 'S-844 67', 'Suède'),
(10763, 'FOLIG', 3, '1997-12-03', '1997-12-31', '1997-12-08', 3, '37.35', 'Folies gourmandes', '184, chaussée de Tournai', 'Lille', '', '59000', 'France'),
(10764, 'ERNSH', 6, '1997-12-03', '1997-12-31', '1997-12-08', 3, '145.45', 'Ernst Handel', 'Kirchgasse 6', 'Graz', '', '8010', 'Autriche'),
(10765, 'QUICK', 3, '1997-12-04', '1998-01-01', '1997-12-09', 3, '42.74', 'QUICK-Stop', 'Taucherstraße 10', 'Cunewalde', '', '01307', 'Allemagne'),
(10766, 'OTTIK', 4, '1997-12-05', '1998-01-02', '1997-12-09', 1, '157.55', 'Ottilies Käseladen', 'Mehrheimerstr. 369', 'Köln', '', '50739', 'Allemagne'),
(10767, 'SUPRD', 4, '1997-12-05', '1998-01-02', '1997-12-15', 3, '1.59', 'Suprêmes délices', 'Boulevard Tirou, 255', 'Charleroi', '', 'B-6000', 'Belgique'),
(10768, 'AROUT', 3, '1997-12-08', '1998-01-05', '1997-12-15', 2, '146.32', 'Around the Horn', 'Brook Farm\r\nStratford St. Mary', 'Colchester', 'Essex', 'CO7 6JX', 'Royaume-Uni'),
(10769, 'VAFFE', 3, '1997-12-08', '1998-01-05', '1997-12-12', 1, '65.06', 'Vaffeljernet', 'Smagsløget 45', 'Århus', '', '8200', 'Danemark'),
(10770, 'HANAR', 8, '1997-12-09', '1998-01-06', '1997-12-17', 3, '5.32', 'Hanari Carnes', 'Rua do Paço, 67', 'Rio de Janeiro', 'RJ', '05454-876', 'Brésil'),
(10771, 'ERNSH', 9, '1997-12-10', '1998-01-07', '1998-01-02', 2, '11.19', 'Ernst Handel', 'Kirchgasse 6', 'Graz', '', '8010', 'Autriche'),
(10772, 'LEHMS', 3, '1997-12-10', '1998-01-07', '1997-12-19', 2, '91.28', 'Lehmanns Marktstand', 'Magazinweg 7', 'Frankfurt a.M.', '', '60528', 'Allemagne'),
(10773, 'ERNSH', 1, '1997-12-11', '1998-01-08', '1997-12-16', 3, '96.43', 'Ernst Handel', 'Kirchgasse 6', 'Graz', '', '8010', 'Autriche'),
(10774, 'FOLKO', 4, '1997-12-11', '1997-12-25', '1997-12-12', 1, '48.20', 'Folk och fä HB', 'Åkergatan 24', 'Bräcke', '', 'S-844 67', 'Suède'),
(10775, 'THECR', 7, '1997-12-12', '1998-01-09', '1997-12-26', 1, '20.25', 'The Cracker Box', '55 Grizzly Peak Rd.', 'Butte', 'MT', '59801', 'Etats-Unis'),
(10776, 'ERNSH', 1, '1997-12-15', '1998-01-12', '1997-12-18', 3, '351.53', 'Ernst Handel', 'Kirchgasse 6', 'Graz', '', '8010', 'Autriche'),
(10777, 'GOURL', 7, '1997-12-15', '1997-12-29', '1998-01-21', 2, '3.01', 'Gourmet Lanchonetes', 'Av. Brasil, 442', 'Campinas', 'SP', '04876-786', 'Brésil'),
(10778, 'BERGS', 3, '1997-12-16', '1998-01-13', '1997-12-24', 1, '6.79', 'Berglunds snabbköp', 'Berguvsvägen  8', 'Luleå', '', 'S-958 22', 'Suède'),
(10779, 'MORGK', 3, '1997-12-16', '1998-01-13', '1998-01-14', 2, '58.13', 'Morgenstern Gesundkost', 'Heerstr. 22', 'Leipzig', '', '04179', 'Allemagne'),
(10780, 'LILAS', 2, '1997-12-16', '1997-12-30', '1997-12-25', 1, '42.13', 'LILA-Supermercado', 'Carrera 52 con Ave. Bolívar #65-98 Llano Largo', 'Barquisimeto', 'Lara', '3508', 'Venezuela'),
(10781, 'WARTH', 2, '1997-12-17', '1998-01-14', '1997-12-19', 3, '73.16', 'Wartian Herkku', 'Torikatu 38', 'Oulu', '', '90110', 'Finlande'),
(10782, 'CACTU', 9, '1997-12-17', '1998-01-14', '1997-12-22', 3, '1.10', 'Cactus Comidas para llevar', 'Cerrito 333', 'Buenos Aires', '', '1010', 'Argentine'),
(10783, 'HANAR', 4, '1997-12-18', '1998-01-15', '1997-12-19', 2, '124.98', 'Hanari Carnes', 'Rua do Paço, 67', 'Rio de Janeiro', 'RJ', '05454-876', 'Brésil'),
(10784, 'MAGAA', 4, '1997-12-18', '1998-01-15', '1997-12-22', 3, '70.09', 'Magazzini Alimentari Riuniti', 'Via Ludovico il Moro 22', 'Bergamo', '', '24100', 'Italie'),
(10785, 'GROSR', 1, '1997-12-18', '1998-01-15', '1997-12-24', 3, '1.51', 'GROSELLA-Restaurante', '5ª Ave. Los Palos Grandes', 'Caracas', 'DF', '1081', 'Venezuela'),
(10786, 'QUEEN', 8, '1997-12-19', '1998-01-16', '1997-12-23', 1, '110.87', 'Queen Cozinha', 'Alameda dos Canàrios, 891', 'São Paulo', 'SP', '05487-020', 'Brésil'),
(10787, 'LAMAI', 2, '1997-12-19', '1998-01-02', '1997-12-26', 1, '249.93', 'La maison d\'Asie', '1 rue Alsace-Lorraine', 'Toulouse', '', '31000', 'France'),
(10788, 'QUICK', 1, '1997-12-22', '1998-01-19', '1998-01-19', 2, '42.70', 'QUICK-Stop', 'Taucherstraße 10', 'Cunewalde', '', '01307', 'Allemagne'),
(10789, 'FOLIG', 1, '1997-12-22', '1998-01-19', '1997-12-31', 2, '100.60', 'Folies gourmandes', '184, chaussée de Tournai', 'Lille', '', '59000', 'France'),
(10790, 'GOURL', 6, '1997-12-22', '1998-01-19', '1997-12-26', 1, '28.23', 'Gourmet Lanchonetes', 'Av. Brasil, 442', 'Campinas', 'SP', '04876-786', 'Brésil'),
(10791, 'FRANK', 6, '1997-12-23', '1998-01-20', '1998-01-01', 2, '16.85', 'Frankenversand', 'Berliner Platz 43', 'München', '', '80805', 'Allemagne'),
(10792, 'WOLZA', 1, '1997-12-23', '1998-01-20', '1997-12-31', 3, '23.79', 'Wolski Zajazd', 'ul. Filtrowa 68', 'Warszawa', '', '01-012', 'Pologne'),
(10793, 'AROUT', 3, '1997-12-24', '1998-01-21', '1998-01-08', 3, '4.52', 'Around the Horn', 'Brook Farm\r\nStratford St. Mary', 'Colchester', 'Essex', 'CO7 6JX', 'Royaume-Uni'),
(10794, 'QUEDE', 6, '1997-12-24', '1998-01-21', '1998-01-02', 1, '21.49', 'Que Delícia', 'Rua da Panificadora, 12', 'Rio de Janeiro', 'RJ', '02389-673', 'Brésil'),
(10795, 'ERNSH', 8, '1997-12-24', '1998-01-21', '1998-01-20', 2, '126.66', 'Ernst Handel', 'Kirchgasse 6', 'Graz', '', '8010', 'Autriche'),
(10796, 'HILAA', 3, '1997-12-25', '1998-01-22', '1998-01-14', 1, '26.52', 'HILARIÓN-Abastos', 'Carrera 22 con Ave. Carlos Soublette #8-35', 'San Cristóbal', 'Táchira', '5022', 'Venezuela'),
(10797, 'DRACD', 7, '1997-12-25', '1998-01-22', '1998-01-05', 2, '33.35', 'Drachenblut Delikatessen', 'Walserweg 21', 'Aachen', '', '52066', 'Allemagne'),
(10798, 'ISLAT', 2, '1997-12-26', '1998-01-23', '1998-01-05', 1, '2.33', 'Island Trading', 'Garden House\r\nCrowther Way', 'Cowes', 'Isle of Wigth', 'PO31 7PJ', 'Royaume-Uni'),
(10799, 'KOENE', 9, '1997-12-26', '1998-02-06', '1998-01-05', 3, '30.76', 'Königlich Essen', 'Maubelstr. 90', 'Brandenburg', '', '14776', 'Allemagne'),
(10800, 'SEVES', 1, '1997-12-26', '1998-01-23', '1998-01-05', 3, '137.44', 'Seven Seas Imports', '90 Wadhurst Rd.', 'London', '', 'OX15 4NB', 'Royaume-Uni'),
(10801, 'BOLID', 4, '1997-12-29', '1998-01-26', '1997-12-31', 2, '97.09', 'Bólido Comidas preparadas', 'C/ Araquil, 67', 'Madrid', '', '28023', 'Espagne'),
(10802, 'SIMOB', 4, '1997-12-29', '1998-01-26', '1998-01-02', 2, '257.26', 'Simons bistro', 'Vinbæltet 34', 'København', '', '1734', 'Danemark'),
(10803, 'WELLI', 4, '1997-12-30', '1998-01-27', '1998-01-06', 1, '55.23', 'Wellington Importadora', 'Rua do Mercado, 12', 'Resende', 'SP', '08737-363', 'Brésil'),
(10804, 'SEVES', 6, '1997-12-30', '1998-01-27', '1998-01-07', 2, '27.33', 'Seven Seas Imports', '90 Wadhurst Rd.', 'London', '', 'OX15 4NB', 'Royaume-Uni'),
(10805, 'THEBI', 2, '1997-12-30', '1998-01-27', '1998-01-09', 3, '237.34', 'The Big Cheese', '89 Jefferson Way\r\nSuite 2', 'Portland', 'OR', '97201', 'Etats-Unis'),
(10806, 'VICTE', 3, '1997-12-31', '1998-01-28', '1998-01-05', 2, '22.11', 'Victuailles en stock', '2, rue du Commerce', 'Lyon', '', '69004', 'France'),
(10807, 'FRANS', 4, '1997-12-31', '1998-01-28', '1998-01-30', 1, '1.36', 'Franchi S.p.A.', 'Via Monte Bianco 34', 'Torino', '', '10100', 'Italie'),
(10808, 'OLDWO', 2, '1998-01-01', '1998-01-29', '1998-01-09', 3, '45.53', 'Old World Delicatessen', '2743 Bering St.', 'Anchorage', 'AK', '99508', 'Etats-Unis'),
(10809, 'WELLI', 7, '1998-01-01', '1998-01-29', '1998-01-07', 1, '4.87', 'Wellington Importadora', 'Rua do Mercado, 12', 'Resende', 'SP', '08737-363', 'Brésil'),
(10810, 'LAUGB', 2, '1998-01-01', '1998-01-29', '1998-01-07', 3, '4.33', 'Laughing Bacchus Wine Cellars', '2319 Elm St.', 'Vancouver', 'BC', 'V3F 2K1', 'Canada'),
(10811, 'LINOD', 8, '1998-01-02', '1998-01-30', '1998-01-08', 1, '31.22', 'LINO-Delicateses', 'Ave. 5 de Mayo Porlamar', 'I. de Margarita', 'Nueva Esparta', '4980', 'Venezuela'),
(10812, 'REGGC', 5, '1998-01-02', '1998-01-30', '1998-01-12', 1, '59.78', 'Reggiani Caseifici', 'Strada Provinciale 124', 'Reggio Emilia', '', '42100', 'Italie'),
(10813, 'RICAR', 1, '1998-01-05', '1998-02-02', '1998-01-09', 1, '47.38', 'Ricardo Adocicados', 'Av. Copacabana, 267', 'Rio de Janeiro', 'RJ', '02389-890', 'Brésil'),
(10814, 'VICTE', 3, '1998-01-05', '1998-02-02', '1998-01-14', 3, '130.94', 'Victuailles en stock', '2, rue du Commerce', 'Lyon', '', '69004', 'France'),
(10815, 'SAVEA', 2, '1998-01-05', '1998-02-02', '1998-01-14', 3, '14.62', 'Save-a-lot Markets', '187 Suffolk Ln.', 'Boise', 'ID', '83720', 'Etats-Unis'),
(10816, 'GREAL', 4, '1998-01-06', '1998-02-03', '1998-02-04', 2, '719.78', 'Great Lakes Food Market', '2732 Baker Blvd.', 'Eugene', 'OR', '97403', 'Etats-Unis'),
(10817, 'KOENE', 3, '1998-01-06', '1998-01-20', '1998-01-13', 2, '306.07', 'Königlich Essen', 'Maubelstr. 90', 'Brandenburg', '', '14776', 'Allemagne'),
(10818, 'MAGAA', 7, '1998-01-07', '1998-02-04', '1998-01-12', 3, '65.48', 'Magazzini Alimentari Riuniti', 'Via Ludovico il Moro 22', 'Bergamo', '', '24100', 'Italie'),
(10819, 'CACTU', 2, '1998-01-07', '1998-02-04', '1998-01-16', 3, '19.76', 'Cactus Comidas para llevar', 'Cerrito 333', 'Buenos Aires', '', '1010', 'Argentine'),
(10820, 'RATTC', 3, '1998-01-07', '1998-02-04', '1998-01-13', 2, '37.52', 'Rattlesnake Canyon Grocery', '2817 Milton Dr.', 'Albuquerque', 'NM', '87110', 'Etats-Unis'),
(10821, 'SPLIR', 1, '1998-01-08', '1998-02-05', '1998-01-15', 1, '36.68', 'Split Rail Beer & Ale', 'P.O. Box 555', 'Lander', 'WY', '82520', 'Etats-Unis'),
(10822, 'TRAIH', 6, '1998-01-08', '1998-02-05', '1998-01-16', 3, '7.00', 'Trail\'s Head Gourmet Provisioners', '722 DaVinci Blvd.', 'Kirkland', 'WA', '98034', 'Etats-Unis'),
(10823, 'LILAS', 5, '1998-01-09', '1998-02-06', '1998-01-13', 2, '163.97', 'LILA-Supermercado', 'Carrera 52 con Ave. Bolívar #65-98 Llano Largo', 'Barquisimeto', 'Lara', '3508', 'Venezuela'),
(10824, 'FOLKO', 8, '1998-01-09', '1998-02-06', '1998-01-30', 1, '1.23', 'Folk och fä HB', 'Åkergatan 24', 'Bräcke', '', 'S-844 67', 'Suède'),
(10825, 'DRACD', 1, '1998-01-09', '1998-02-06', '1998-01-14', 1, '79.25', 'Drachenblut Delikatessen', 'Walserweg 21', 'Aachen', '', '52066', 'Allemagne'),
(10826, 'BLONP', 6, '1998-01-12', '1998-02-09', '1998-02-06', 1, '7.09', 'Blondel père et fils', '24, place Kléber', 'Strasbourg', '', '67000', 'France'),
(10827, 'BONAP', 1, '1998-01-12', '1998-01-26', '1998-02-06', 2, '63.54', 'Bon app\'', '12, rue des Bouchers', 'Marseille', '', '13008', 'France'),
(10828, 'RANCH', 9, '1998-01-13', '1998-01-27', '1998-02-04', 1, '90.85', 'Rancho grande', 'Av. del Libertador 900', 'Buenos Aires', '', '1010', 'Argentine'),
(10829, 'ISLAT', 9, '1998-01-13', '1998-02-10', '1998-01-23', 1, '154.72', 'Island Trading', 'Garden House\r\nCrowther Way', 'Cowes', 'Isle of Wigth', 'PO31 7PJ', 'Royaume-Uni'),
(10830, 'TRADH', 4, '1998-01-13', '1998-02-24', '1998-01-21', 2, '81.83', 'Tradição Hipermercados', 'Av. Inês de Castro, 414', 'São Paulo', 'SP', '05634-030', 'Brésil'),
(10831, 'SANTG', 3, '1998-01-14', '1998-02-11', '1998-01-23', 2, '72.19', 'Santé Gourmet', 'Erling Skakkes gate 78', 'Stavern', '', '4110', 'Norvège'),
(10832, 'LAMAI', 2, '1998-01-14', '1998-02-11', '1998-01-19', 2, '43.26', 'La maison d\'Asie', '1 rue Alsace-Lorraine', 'Toulouse', '', '31000', 'France'),
(10833, 'OTTIK', 6, '1998-01-15', '1998-02-12', '1998-01-23', 2, '71.49', 'Ottilies Käseladen', 'Mehrheimerstr. 369', 'Köln', '', '50739', 'Allemagne'),
(10834, 'TRADH', 1, '1998-01-15', '1998-02-12', '1998-01-19', 3, '29.78', 'Tradição Hipermercados', 'Av. Inês de Castro, 414', 'São Paulo', 'SP', '05634-030', 'Brésil'),
(10835, 'ALFKI', 1, '1998-01-15', '1998-02-12', '1998-01-21', 3, '69.53', 'Alfreds Futterkiste', 'Obere Str. 57', 'Berlin', '', '12209', 'Allemagne'),
(10836, 'ERNSH', 7, '1998-01-16', '1998-02-13', '1998-01-21', 1, '411.88', 'Ernst Handel', 'Kirchgasse 6', 'Graz', '', '8010', 'Autriche'),
(10837, 'BERGS', 9, '1998-01-16', '1998-02-13', '1998-01-23', 3, '13.32', 'Berglunds snabbköp', 'Berguvsvägen  8', 'Luleå', '', 'S-958 22', 'Suède'),
(10838, 'LINOD', 3, '1998-01-19', '1998-02-16', '1998-01-23', 3, '59.28', 'LINO-Delicateses', 'Ave. 5 de Mayo Porlamar', 'I. de Margarita', 'Nueva Esparta', '4980', 'Venezuela'),
(10839, 'TRADH', 3, '1998-01-19', '1998-02-16', '1998-01-22', 3, '35.43', 'Tradição Hipermercados', 'Av. Inês de Castro, 414', 'São Paulo', 'SP', '05634-030', 'Brésil'),
(10840, 'LINOD', 4, '1998-01-19', '1998-03-02', '1998-02-16', 2, '2.71', 'LINO-Delicateses', 'Ave. 5 de Mayo Porlamar', 'I. de Margarita', 'Nueva Esparta', '4980', 'Venezuela'),
(10841, 'SUPRD', 5, '1998-01-20', '1998-02-17', '1998-01-29', 2, '424.30', 'Suprêmes délices', 'Boulevard Tirou, 255', 'Charleroi', '', 'B-6000', 'Belgique'),
(10842, 'TORTU', 1, '1998-01-20', '1998-02-17', '1998-01-29', 3, '54.42', 'Tortuga Restaurante', 'Avda. Azteca 123', 'México D.F.', '', '05033', 'Mexique'),
(10843, 'VICTE', 4, '1998-01-21', '1998-02-18', '1998-01-26', 2, '9.26', 'Victuailles en stock', '2, rue du Commerce', 'Lyon', '', '69004', 'France'),
(10844, 'PICCO', 8, '1998-01-21', '1998-02-18', '1998-01-26', 2, '25.22', 'Piccolo und mehr', 'Geislweg 14', 'Salzburg', '', '5020', 'Autriche'),
(10845, 'QUICK', 8, '1998-01-21', '1998-02-04', '1998-01-30', 1, '212.98', 'QUICK-Stop', 'Taucherstraße 10', 'Cunewalde', '', '01307', 'Allemagne'),
(10846, 'SUPRD', 2, '1998-01-22', '1998-03-05', '1998-01-23', 3, '56.46', 'Suprêmes délices', 'Boulevard Tirou, 255', 'Charleroi', '', 'B-6000', 'Belgique'),
(10847, 'SAVEA', 4, '1998-01-22', '1998-02-05', '1998-02-10', 3, '487.57', 'Save-a-lot Markets', '187 Suffolk Ln.', 'Boise', 'ID', '83720', 'Etats-Unis'),
(10848, 'CONSH', 7, '1998-01-23', '1998-02-20', '1998-01-29', 2, '38.24', 'Consolidated Holdings', 'Berkeley Gardens\r\n12  Brewery', 'London', '', 'WX1 6LT', 'Royaume-Uni'),
(10849, 'KOENE', 9, '1998-01-23', '1998-02-20', '1998-01-30', 2, '0.56', 'Königlich Essen', 'Maubelstr. 90', 'Brandenburg', '', '14776', 'Allemagne'),
(10850, 'VICTE', 1, '1998-01-23', '1998-03-06', '1998-01-30', 1, '49.19', 'Victuailles en stock', '2, rue du Commerce', 'Lyon', '', '69004', 'France'),
(10851, 'RICAR', 5, '1998-01-26', '1998-02-23', '1998-02-02', 1, '160.55', 'Ricardo Adocicados', 'Av. Copacabana, 267', 'Rio de Janeiro', 'RJ', '02389-890', 'Brésil'),
(10852, 'RATTC', 8, '1998-01-26', '1998-02-09', '1998-01-30', 1, '174.05', 'Rattlesnake Canyon Grocery', '2817 Milton Dr.', 'Albuquerque', 'NM', '87110', 'Etats-Unis'),
(10853, 'BLAUS', 9, '1998-01-27', '1998-02-24', '1998-02-03', 2, '53.83', 'Blauer See Delikatessen', 'Forsterstr. 57', 'Mannheim', '', '68306', 'Allemagne'),
(10854, 'ERNSH', 3, '1998-01-27', '1998-02-24', '1998-02-05', 2, '100.22', 'Ernst Handel', 'Kirchgasse 6', 'Graz', '', '8010', 'Autriche'),
(10855, 'OLDWO', 3, '1998-01-27', '1998-02-24', '1998-02-04', 1, '170.97', 'Old World Delicatessen', '2743 Bering St.', 'Anchorage', 'AK', '99508', 'Etats-Unis'),
(10856, 'ANTON', 3, '1998-01-28', '1998-02-25', '1998-02-10', 2, '58.43', 'Antonio Moreno Taquería', 'Mataderos  2312', 'México D.F.', '', '05023', 'Mexique'),
(10857, 'BERGS', 8, '1998-01-28', '1998-02-25', '1998-02-06', 2, '188.85', 'Berglunds snabbköp', 'Berguvsvägen  8', 'Luleå', '', 'S-958 22', 'Suède'),
(10858, 'LACOR', 2, '1998-01-29', '1998-02-26', '1998-02-03', 1, '52.51', 'La corne d\'abondance', '67, avenue de l\'Europe', 'Versailles', '', '78000', 'France'),
(10859, 'FRANK', 1, '1998-01-29', '1998-02-26', '1998-02-02', 2, '76.10', 'Frankenversand', 'Berliner Platz 43', 'München', '', '80805', 'Allemagne'),
(10860, 'FRANR', 3, '1998-01-29', '1998-02-26', '1998-02-04', 3, '19.26', 'France restauration', '54, rue Royale', 'Nantes', '', '44000', 'France'),
(10861, 'WHITC', 4, '1998-01-30', '1998-02-27', '1998-02-17', 2, '14.93', 'White Clover Markets', '1029 - 12th Ave. S.', 'Seattle', 'WA', '98124', 'Etats-Unis'),
(10862, 'LEHMS', 8, '1998-01-30', '1998-03-13', '1998-02-02', 2, '53.23', 'Lehmanns Marktstand', 'Magazinweg 7', 'Frankfurt a.M.', '', '60528', 'Allemagne'),
(10863, 'HILAA', 4, '1998-02-02', '1998-03-02', '1998-02-17', 2, '30.26', 'HILARIÓN-Abastos', 'Carrera 22 con Ave. Carlos Soublette #8-35', 'San Cristóbal', 'Táchira', '5022', 'Venezuela'),
(10864, 'AROUT', 4, '1998-02-02', '1998-03-02', '1998-02-09', 2, '3.04', 'Around the Horn', 'Brook Farm\r\nStratford St. Mary', 'Colchester', 'Essex', 'CO7 6JX', 'Royaume-Uni'),
(10865, 'QUICK', 2, '1998-02-02', '1998-02-16', '1998-02-12', 1, '348.14', 'QUICK-Stop', 'Taucherstraße 10', 'Cunewalde', '', '01307', 'Allemagne'),
(10866, 'BERGS', 5, '1998-02-03', '1998-03-03', '1998-02-12', 1, '109.11', 'Berglunds snabbköp', 'Berguvsvägen  8', 'Luleå', '', 'S-958 22', 'Suède'),
(10867, 'LONEP', 6, '1998-02-03', '1998-03-17', '1998-02-11', 1, '1.93', 'Lonesome Pine Restaurant', '89 Chiaroscuro Rd.', 'Portland', 'OR', '97219', 'Etats-Unis'),
(10868, 'QUEEN', 7, '1998-02-04', '1998-03-04', '1998-02-23', 2, '191.27', 'Queen Cozinha', 'Alameda dos Canàrios, 891', 'São Paulo', 'SP', '05487-020', 'Brésil'),
(10869, 'SEVES', 5, '1998-02-04', '1998-03-04', '1998-02-09', 1, '143.28', 'Seven Seas Imports', '90 Wadhurst Rd.', 'London', '', 'OX15 4NB', 'Royaume-Uni'),
(10870, 'WOLZA', 5, '1998-02-04', '1998-03-04', '1998-02-13', 3, '12.04', 'Wolski Zajazd', 'ul. Filtrowa 68', 'Warszawa', '', '01-012', 'Pologne'),
(10871, 'BONAP', 9, '1998-02-05', '1998-03-05', '1998-02-10', 2, '112.27', 'Bon app\'', '12, rue des Bouchers', 'Marseille', '', '13008', 'France'),
(10872, 'GODOS', 5, '1998-02-05', '1998-03-05', '1998-02-09', 2, '175.32', 'Godos Cocina Típica', 'C/ Romero, 33', 'Sevilla', '', '41101', 'Espagne'),
(10873, 'WILMK', 4, '1998-02-06', '1998-03-06', '1998-02-09', 1, '0.82', 'Wilman Kala', 'Keskuskatu 45', 'Helsinki', '', '21240', 'Finlande'),
(10874, 'GODOS', 5, '1998-02-06', '1998-03-06', '1998-02-11', 2, '19.58', 'Godos Cocina Típica', 'C/ Romero, 33', 'Sevilla', '', '41101', 'Espagne'),
(10875, 'BERGS', 4, '1998-02-06', '1998-03-06', '1998-03-03', 2, '32.37', 'Berglunds snabbköp', 'Berguvsvägen  8', 'Luleå', '', 'S-958 22', 'Suède'),
(10876, 'BONAP', 7, '1998-02-09', '1998-03-09', '1998-02-12', 3, '60.42', 'Bon app\'', '12, rue des Bouchers', 'Marseille', '', '13008', 'France'),
(10877, 'RICAR', 1, '1998-02-09', '1998-03-09', '1998-02-19', 1, '38.06', 'Ricardo Adocicados', 'Av. Copacabana, 267', 'Rio de Janeiro', 'RJ', '02389-890', 'Brésil'),
(10878, 'QUICK', 4, '1998-02-10', '1998-03-10', '1998-02-12', 1, '46.69', 'QUICK-Stop', 'Taucherstraße 10', 'Cunewalde', '', '01307', 'Allemagne'),
(10879, 'WILMK', 3, '1998-02-10', '1998-03-10', '1998-02-12', 3, '8.50', 'Wilman Kala', 'Keskuskatu 45', 'Helsinki', '', '21240', 'Finlande'),
(10880, 'FOLKO', 7, '1998-02-10', '1998-03-24', '1998-02-18', 1, '88.01', 'Folk och fä HB', 'Åkergatan 24', 'Bräcke', '', 'S-844 67', 'Suède'),
(10881, 'CACTU', 4, '1998-02-11', '1998-03-11', '1998-02-18', 1, '2.84', 'Cactus Comidas para llevar', 'Cerrito 333', 'Buenos Aires', '', '1010', 'Argentine'),
(10882, 'SAVEA', 4, '1998-02-11', '1998-03-11', '1998-02-20', 3, '23.10', 'Save-a-lot Markets', '187 Suffolk Ln.', 'Boise', 'ID', '83720', 'Etats-Unis'),
(10883, 'LONEP', 8, '1998-02-12', '1998-03-12', '1998-02-20', 3, '0.53', 'Lonesome Pine Restaurant', '89 Chiaroscuro Rd.', 'Portland', 'OR', '97219', 'Etats-Unis'),
(10884, 'LETSS', 4, '1998-02-12', '1998-03-12', '1998-02-13', 2, '90.97', 'Let\'s Stop N Shop', '87 Polk St.\r\nSuite 5', 'San Francisco', 'CA', '94117', 'Etats-Unis');
INSERT INTO `commandes` (`N° commande`, `Code client`, `N° employé`, `Date commande`, `À livrer avant`, `Date envoi`, `N° messager`, `Port`, `Destinataire`, `Adresse livraison`, `Ville livraison`, `Région livraison`, `Code postal livraison`, `Pays livraison`) VALUES
(10885, 'SUPRD', 6, '1998-02-12', '1998-03-12', '1998-02-18', 3, '5.64', 'Suprêmes délices', 'Boulevard Tirou, 255', 'Charleroi', '', 'B-6000', 'Belgique'),
(10886, 'HANAR', 1, '1998-02-13', '1998-03-13', '1998-03-02', 1, '4.99', 'Hanari Carnes', 'Rua do Paço, 67', 'Rio de Janeiro', 'RJ', '05454-876', 'Brésil'),
(10887, 'GALED', 8, '1998-02-13', '1998-03-13', '1998-02-16', 3, '1.25', 'Galería del gastronómo', 'Rambla de Cataluña, 23', 'Barcelona', '', '8022', 'Espagne'),
(10888, 'GODOS', 1, '1998-02-16', '1998-03-16', '1998-02-23', 2, '51.87', 'Godos Cocina Típica', 'C/ Romero, 33', 'Sevilla', '', '41101', 'Espagne'),
(10889, 'RATTC', 9, '1998-02-16', '1998-03-16', '1998-02-23', 3, '280.61', 'Rattlesnake Canyon Grocery', '2817 Milton Dr.', 'Albuquerque', 'NM', '87110', 'Etats-Unis'),
(10890, 'DUMON', 7, '1998-02-16', '1998-03-16', '1998-02-18', 1, '32.76', 'Du monde entier', '67, rue des Cinquante Otages', 'Nantes', '', '44000', 'France'),
(10891, 'LEHMS', 7, '1998-02-17', '1998-03-17', '1998-02-19', 2, '20.37', 'Lehmanns Marktstand', 'Magazinweg 7', 'Frankfurt a.M.', '', '60528', 'Allemagne'),
(10892, 'MAISD', 4, '1998-02-17', '1998-03-17', '1998-02-19', 2, '120.27', 'Maison Dewey', 'Rue Joseph-Bens 532', 'Bruxelles', '', 'B-1180', 'Belgique'),
(10893, 'KOENE', 9, '1998-02-18', '1998-03-18', '1998-02-20', 2, '77.78', 'Königlich Essen', 'Maubelstr. 90', 'Brandenburg', '', '14776', 'Allemagne'),
(10894, 'SAVEA', 1, '1998-02-18', '1998-03-18', '1998-02-20', 1, '116.13', 'Save-a-lot Markets', '187 Suffolk Ln.', 'Boise', 'ID', '83720', 'Etats-Unis'),
(10895, 'ERNSH', 3, '1998-02-18', '1998-03-18', '1998-02-23', 1, '162.75', 'Ernst Handel', 'Kirchgasse 6', 'Graz', '', '8010', 'Autriche'),
(10896, 'MAISD', 7, '1998-02-19', '1998-03-19', '1998-02-27', 3, '32.45', 'Maison Dewey', 'Rue Joseph-Bens 532', 'Bruxelles', '', 'B-1180', 'Belgique'),
(10897, 'HUNGO', 3, '1998-02-19', '1998-03-19', '1998-02-25', 2, '603.54', 'Hungry Owl All-Night Grocers', '8 Johnstown Road', 'Cork', 'Co. Cork', '', 'Irlande'),
(10898, 'OCEAN', 4, '1998-02-20', '1998-03-20', '1998-03-06', 2, '1.27', 'Océano Atlántico Ltda.', 'Ing. Gustavo Moncada 8585\r\nPiso 20-A', 'Buenos Aires', '', '1010', 'Argentine'),
(10899, 'LILAS', 5, '1998-02-20', '1998-03-20', '1998-02-26', 3, '1.21', 'LILA-Supermercado', 'Carrera 52 con Ave. Bolívar #65-98 Llano Largo', 'Barquisimeto', 'Lara', '3508', 'Venezuela'),
(10900, 'WELLI', 1, '1998-02-20', '1998-03-20', '1998-03-04', 2, '1.66', 'Wellington Importadora', 'Rua do Mercado, 12', 'Resende', 'SP', '08737-363', 'Brésil'),
(10901, 'HILAA', 4, '1998-02-23', '1998-03-23', '1998-02-26', 1, '62.09', 'HILARIÓN-Abastos', 'Carrera 22 con Ave. Carlos Soublette #8-35', 'San Cristóbal', 'Táchira', '5022', 'Venezuela'),
(10902, 'FOLKO', 1, '1998-02-23', '1998-03-23', '1998-03-03', 1, '44.15', 'Folk och fä HB', 'Åkergatan 24', 'Bräcke', '', 'S-844 67', 'Suède'),
(10903, 'HANAR', 3, '1998-02-24', '1998-03-24', '1998-03-04', 3, '36.71', 'Hanari Carnes', 'Rua do Paço, 67', 'Rio de Janeiro', 'RJ', '05454-876', 'Brésil'),
(10904, 'WHITC', 3, '1998-02-24', '1998-03-24', '1998-02-27', 3, '162.95', 'White Clover Markets', '1029 - 12th Ave. S.', 'Seattle', 'WA', '98124', 'Etats-Unis'),
(10905, 'WELLI', 9, '1998-02-24', '1998-03-24', '1998-03-06', 2, '13.72', 'Wellington Importadora', 'Rua do Mercado, 12', 'Resende', 'SP', '08737-363', 'Brésil'),
(10906, 'WOLZA', 4, '1998-02-25', '1998-03-11', '1998-03-03', 3, '26.29', 'Wolski Zajazd', 'ul. Filtrowa 68', 'Warszawa', '', '01-012', 'Pologne'),
(10907, 'SPECD', 6, '1998-02-25', '1998-03-25', '1998-02-27', 3, '9.19', 'Spécialités du monde', '25, rue Lauriston', 'Paris', '', '75016', 'France'),
(10908, 'REGGC', 4, '1998-02-26', '1998-03-26', '1998-03-06', 2, '32.96', 'Reggiani Caseifici', 'Strada Provinciale 124', 'Reggio Emilia', '', '42100', 'Italie'),
(10909, 'SANTG', 1, '1998-02-26', '1998-03-26', '1998-03-10', 2, '53.05', 'Santé Gourmet', 'Erling Skakkes gate 78', 'Stavern', '', '4110', 'Norvège'),
(10910, 'WILMK', 1, '1998-02-26', '1998-03-26', '1998-03-04', 3, '38.11', 'Wilman Kala', 'Keskuskatu 45', 'Helsinki', '', '21240', 'Finlande'),
(10911, 'GODOS', 3, '1998-02-26', '1998-03-26', '1998-03-05', 1, '38.19', 'Godos Cocina Típica', 'C/ Romero, 33', 'Sevilla', '', '41101', 'Espagne'),
(10912, 'HUNGO', 2, '1998-02-26', '1998-03-26', '1998-03-18', 2, '580.91', 'Hungry Owl All-Night Grocers', '8 Johnstown Road', 'Cork', 'Co. Cork', '', 'Irlande'),
(10913, 'QUEEN', 4, '1998-02-26', '1998-03-26', '1998-03-04', 1, '33.05', 'Queen Cozinha', 'Alameda dos Canàrios, 891', 'São Paulo', 'SP', '05487-020', 'Brésil'),
(10914, 'QUEEN', 6, '1998-02-27', '1998-03-27', '1998-03-02', 1, '21.19', 'Queen Cozinha', 'Alameda dos Canàrios, 891', 'São Paulo', 'SP', '05487-020', 'Brésil'),
(10915, 'TORTU', 2, '1998-02-27', '1998-03-27', '1998-03-02', 2, '3.51', 'Tortuga Restaurante', 'Avda. Azteca 123', 'México D.F.', '', '05033', 'Mexique'),
(10916, 'RANCH', 1, '1998-02-27', '1998-03-27', '1998-03-09', 2, '63.77', 'Rancho grande', 'Av. del Libertador 900', 'Buenos Aires', '', '1010', 'Argentine'),
(10917, 'ROMEY', 4, '1998-03-02', '1998-03-30', '1998-03-11', 2, '8.29', 'Romero y tomillo', 'Gran Vía, 1', 'Madrid', '', '28001', 'Espagne'),
(10918, 'BOTTM', 3, '1998-03-02', '1998-03-30', '1998-03-11', 3, '48.83', 'Bottom-Dollar Markets', '23 Tsawassen Blvd.', 'Tsawassen', 'BC', 'T2F 8M4', 'Canada'),
(10919, 'LINOD', 2, '1998-03-02', '1998-03-30', '1998-03-04', 2, '19.80', 'LINO-Delicateses', 'Ave. 5 de Mayo Porlamar', 'I. de Margarita', 'Nueva Esparta', '4980', 'Venezuela'),
(10920, 'AROUT', 4, '1998-03-03', '1998-03-31', '1998-03-09', 2, '29.61', 'Around the Horn', 'Brook Farm\r\nStratford St. Mary', 'Colchester', 'Essex', 'CO7 6JX', 'Royaume-Uni'),
(10921, 'VAFFE', 1, '1998-03-03', '1998-04-14', '1998-03-09', 1, '176.48', 'Vaffeljernet', 'Smagsløget 45', 'Århus', '', '8200', 'Danemark'),
(10922, 'HANAR', 5, '1998-03-03', '1998-03-31', '1998-03-05', 3, '62.74', 'Hanari Carnes', 'Rua do Paço, 67', 'Rio de Janeiro', 'RJ', '05454-876', 'Brésil'),
(10923, 'LAMAI', 7, '1998-03-03', '1998-04-14', '1998-03-13', 3, '68.26', 'La maison d\'Asie', '1 rue Alsace-Lorraine', 'Toulouse', '', '31000', 'France'),
(10924, 'BERGS', 3, '1998-03-04', '1998-04-01', '1998-04-08', 2, '151.52', 'Berglunds snabbköp', 'Berguvsvägen  8', 'Luleå', '', 'S-958 22', 'Suède'),
(10925, 'HANAR', 3, '1998-03-04', '1998-04-01', '1998-03-13', 1, '2.27', 'Hanari Carnes', 'Rua do Paço, 67', 'Rio de Janeiro', 'RJ', '05454-876', 'Brésil'),
(10926, 'ANATR', 4, '1998-03-04', '1998-04-01', '1998-03-11', 3, '39.92', 'Ana Trujillo Emparedados y helados', 'Avda. de la Constitución 2222', 'México D.F.', '', '05021', 'Mexique'),
(10927, 'LACOR', 4, '1998-03-05', '1998-04-02', '1998-04-08', 1, '19.79', 'La corne d\'abondance', '67, avenue de l\'Europe', 'Versailles', '', '78000', 'France'),
(10928, 'GALED', 1, '1998-03-05', '1998-04-02', '1998-03-18', 1, '1.36', 'Galería del gastronómo', 'Rambla de Cataluña, 23', 'Barcelona', '', '8022', 'Espagne'),
(10929, 'FRANK', 6, '1998-03-05', '1998-04-02', '1998-03-12', 1, '33.93', 'Frankenversand', 'Berliner Platz 43', 'München', '', '80805', 'Allemagne'),
(10930, 'SUPRD', 4, '1998-03-06', '1998-04-17', '1998-03-18', 3, '15.55', 'Suprêmes délices', 'Boulevard Tirou, 255', 'Charleroi', '', 'B-6000', 'Belgique'),
(10931, 'RICSU', 4, '1998-03-06', '1998-03-20', '1998-03-19', 2, '13.60', 'Richter Supermarkt', 'Starenweg 5', 'Genève', '', '1204', 'Suisse'),
(10932, 'BONAP', 8, '1998-03-06', '1998-04-03', '1998-03-24', 1, '134.64', 'Bon app\'', '12, rue des Bouchers', 'Marseille', '', '13008', 'France'),
(10933, 'ISLAT', 6, '1998-03-06', '1998-04-03', '1998-03-16', 3, '54.15', 'Island Trading', 'Garden House\r\nCrowther Way', 'Cowes', 'Isle of Wigth', 'PO31 7PJ', 'Royaume-Uni'),
(10934, 'LEHMS', 3, '1998-03-09', '1998-04-06', '1998-03-12', 3, '32.01', 'Lehmanns Marktstand', 'Magazinweg 7', 'Frankfurt a.M.', '', '60528', 'Allemagne'),
(10935, 'WELLI', 4, '1998-03-09', '1998-04-06', '1998-03-18', 3, '47.59', 'Wellington Importadora', 'Rua do Mercado, 12', 'Resende', 'SP', '08737-363', 'Brésil'),
(10936, 'GREAL', 3, '1998-03-09', '1998-04-06', '1998-03-18', 2, '33.68', 'Great Lakes Food Market', '2732 Baker Blvd.', 'Eugene', 'OR', '97403', 'Etats-Unis'),
(10937, 'CACTU', 7, '1998-03-10', '1998-03-24', '1998-03-13', 3, '31.51', 'Cactus Comidas para llevar', 'Cerrito 333', 'Buenos Aires', '', '1010', 'Argentine'),
(10938, 'QUICK', 3, '1998-03-10', '1998-04-07', '1998-03-16', 2, '31.89', 'QUICK-Stop', 'Taucherstraße 10', 'Cunewalde', '', '01307', 'Allemagne'),
(10939, 'MAGAA', 2, '1998-03-10', '1998-04-07', '1998-03-13', 2, '76.33', 'Magazzini Alimentari Riuniti', 'Via Ludovico il Moro 22', 'Bergamo', '', '24100', 'Italie'),
(10940, 'BONAP', 8, '1998-03-11', '1998-04-08', '1998-03-23', 3, '19.77', 'Bon app\'', '12, rue des Bouchers', 'Marseille', '', '13008', 'France'),
(10941, 'SAVEA', 7, '1998-03-11', '1998-04-08', '1998-03-20', 2, '400.81', 'Save-a-lot Markets', '187 Suffolk Ln.', 'Boise', 'ID', '83720', 'Etats-Unis'),
(10942, 'REGGC', 9, '1998-03-11', '1998-04-08', '1998-03-18', 3, '17.95', 'Reggiani Caseifici', 'Strada Provinciale 124', 'Reggio Emilia', '', '42100', 'Italie'),
(10943, 'BSBEV', 4, '1998-03-11', '1998-04-08', '1998-03-19', 2, '2.17', 'B\'s Beverages', 'Fauntleroy Circus', 'London', '', 'EC2 5NT', 'Royaume-Uni'),
(10944, 'BOTTM', 6, '1998-03-12', '1998-03-26', '1998-03-13', 3, '52.92', 'Bottom-Dollar Markets', '23 Tsawassen Blvd.', 'Tsawassen', 'BC', 'T2F 8M4', 'Canada'),
(10945, 'MORGK', 4, '1998-03-12', '1998-04-09', '1998-03-18', 1, '10.22', 'Morgenstern Gesundkost', 'Heerstr. 22', 'Leipzig', '', '04179', 'Allemagne'),
(10946, 'VAFFE', 1, '1998-03-12', '1998-04-09', '1998-03-19', 2, '27.20', 'Vaffeljernet', 'Smagsløget 45', 'Århus', '', '8200', 'Danemark'),
(10947, 'BSBEV', 3, '1998-03-13', '1998-04-10', '1998-03-16', 2, '3.26', 'B\'s Beverages', 'Fauntleroy Circus', 'London', '', 'EC2 5NT', 'Royaume-Uni'),
(10948, 'GODOS', 3, '1998-03-13', '1998-04-10', '1998-03-19', 3, '23.39', 'Godos Cocina Típica', 'C/ Romero, 33', 'Sevilla', '', '41101', 'Espagne'),
(10949, 'BOTTM', 2, '1998-03-13', '1998-04-10', '1998-03-17', 3, '74.44', 'Bottom-Dollar Markets', '23 Tsawassen Blvd.', 'Tsawassen', 'BC', 'T2F 8M4', 'Canada'),
(10950, 'MAGAA', 1, '1998-03-16', '1998-04-13', '1998-03-23', 2, '2.50', 'Magazzini Alimentari Riuniti', 'Via Ludovico il Moro 22', 'Bergamo', '', '24100', 'Italie'),
(10951, 'RICSU', 9, '1998-03-16', '1998-04-27', '1998-04-07', 2, '30.85', 'Richter Supermarkt', 'Starenweg 5', 'Genève', '', '1204', 'Suisse'),
(10952, 'ALFKI', 1, '1998-03-16', '1998-04-27', '1998-03-24', 1, '40.42', 'Alfreds Futterkiste', 'Obere Str. 57', 'Berlin', '', '12209', 'Allemagne'),
(10953, 'AROUT', 9, '1998-03-16', '1998-03-30', '1998-03-25', 2, '23.72', 'Around the Horn', 'Brook Farm\r\nStratford St. Mary', 'Colchester', 'Essex', 'CO7 6JX', 'Royaume-Uni'),
(10954, 'LINOD', 5, '1998-03-17', '1998-04-28', '1998-03-20', 1, '27.91', 'LINO-Delicateses', 'Ave. 5 de Mayo Porlamar', 'I. de Margarita', 'Nueva Esparta', '4980', 'Venezuela'),
(10955, 'FOLKO', 8, '1998-03-17', '1998-04-14', '1998-03-20', 2, '3.26', 'Folk och fä HB', 'Åkergatan 24', 'Bräcke', '', 'S-844 67', 'Suède'),
(10956, 'BLAUS', 6, '1998-03-17', '1998-04-28', '1998-03-20', 2, '44.65', 'Blauer See Delikatessen', 'Forsterstr. 57', 'Mannheim', '', '68306', 'Allemagne'),
(10957, 'HILAA', 8, '1998-03-18', '1998-04-15', '1998-03-27', 3, '105.36', 'HILARIÓN-Abastos', 'Carrera 22 con Ave. Carlos Soublette #8-35', 'San Cristóbal', 'Táchira', '5022', 'Venezuela'),
(10958, 'OCEAN', 7, '1998-03-18', '1998-04-15', '1998-03-27', 2, '49.56', 'Océano Atlántico Ltda.', 'Ing. Gustavo Moncada 8585\r\nPiso 20-A', 'Buenos Aires', '', '1010', 'Argentine'),
(10959, 'GOURL', 6, '1998-03-18', '1998-04-29', '1998-03-23', 2, '4.98', 'Gourmet Lanchonetes', 'Av. Brasil, 442', 'Campinas', 'SP', '04876-786', 'Brésil'),
(10960, 'HILAA', 3, '1998-03-19', '1998-04-02', '1998-04-08', 1, '2.08', 'HILARIÓN-Abastos', 'Carrera 22 con Ave. Carlos Soublette #8-35', 'San Cristóbal', 'Táchira', '5022', 'Venezuela'),
(10961, 'QUEEN', 8, '1998-03-19', '1998-04-16', '1998-03-30', 1, '104.47', 'Queen Cozinha', 'Alameda dos Canàrios, 891', 'São Paulo', 'SP', '05487-020', 'Brésil'),
(10962, 'QUICK', 8, '1998-03-19', '1998-04-16', '1998-03-23', 2, '275.79', 'QUICK-Stop', 'Taucherstraße 10', 'Cunewalde', '', '01307', 'Allemagne'),
(10963, 'FURIB', 9, '1998-03-19', '1998-04-16', '1998-03-26', 3, '2.70', 'Furia Bacalhau e Frutos do Mar', 'Jardim das rosas n. 32', 'Lisboa', '', '1675', 'Portugal'),
(10964, 'SPECD', 3, '1998-03-20', '1998-04-17', '1998-03-24', 2, '87.38', 'Spécialités du monde', '25, rue Lauriston', 'Paris', '', '75016', 'France'),
(10965, 'OLDWO', 6, '1998-03-20', '1998-04-17', '1998-03-30', 3, '144.38', 'Old World Delicatessen', '2743 Bering St.', 'Anchorage', 'AK', '99508', 'Etats-Unis'),
(10966, 'CHOPS', 4, '1998-03-20', '1998-04-17', '1998-04-08', 1, '27.19', 'Chop-suey Chinese', 'Hauptstr. 31', 'Bern', '', '3012', 'Suisse'),
(10967, 'TOMSP', 2, '1998-03-23', '1998-04-20', '1998-04-02', 2, '62.22', 'Toms Spezialitäten', 'Luisenstr. 48', 'Münster', '', '44087', 'Allemagne'),
(10968, 'ERNSH', 1, '1998-03-23', '1998-04-20', '1998-04-01', 3, '74.60', 'Ernst Handel', 'Kirchgasse 6', 'Graz', '', '8010', 'Autriche'),
(10969, 'COMMI', 1, '1998-03-23', '1998-04-20', '1998-03-30', 2, '0.21', 'Comércio Mineiro', 'Av. dos Lusíadas, 23', 'São Paulo', 'SP', '05432-043', 'Brésil'),
(10970, 'BOLID', 9, '1998-03-24', '1998-04-07', '1998-04-24', 1, '16.16', 'Bólido Comidas preparadas', 'C/ Araquil, 67', 'Madrid', '', '28023', 'Espagne'),
(10971, 'FRANR', 2, '1998-03-24', '1998-04-21', '1998-04-02', 2, '121.82', 'France restauration', '54, rue Royale', 'Nantes', '', '44000', 'France'),
(10972, 'LACOR', 4, '1998-03-24', '1998-04-21', '1998-03-26', 2, '0.02', 'La corne d\'abondance', '67, avenue de l\'Europe', 'Versailles', '', '78000', 'France'),
(10973, 'LACOR', 6, '1998-03-24', '1998-04-21', '1998-03-27', 2, '15.17', 'La corne d\'abondance', '67, avenue de l\'Europe', 'Versailles', '', '78000', 'France'),
(10974, 'SPLIR', 3, '1998-03-25', '1998-04-08', '1998-04-03', 3, '12.96', 'Split Rail Beer & Ale', 'P.O. Box 555', 'Lander', 'WY', '82520', 'Etats-Unis'),
(10975, 'BOTTM', 1, '1998-03-25', '1998-04-22', '1998-03-27', 3, '32.27', 'Bottom-Dollar Markets', '23 Tsawassen Blvd.', 'Tsawassen', 'BC', 'T2F 8M4', 'Canada'),
(10976, 'HILAA', 1, '1998-03-25', '1998-05-06', '1998-04-03', 1, '37.97', 'HILARIÓN-Abastos', 'Carrera 22 con Ave. Carlos Soublette #8-35', 'San Cristóbal', 'Táchira', '5022', 'Venezuela'),
(10977, 'FOLKO', 8, '1998-03-26', '1998-04-23', '1998-04-10', 3, '208.50', 'Folk och fä HB', 'Åkergatan 24', 'Bräcke', '', 'S-844 67', 'Suède'),
(10978, 'MAISD', 9, '1998-03-26', '1998-04-23', '1998-04-23', 2, '32.82', 'Maison Dewey', 'Rue Joseph-Bens 532', 'Bruxelles', '', 'B-1180', 'Belgique'),
(10979, 'ERNSH', 8, '1998-03-26', '1998-04-23', '1998-03-31', 2, '353.07', 'Ernst Handel', 'Kirchgasse 6', 'Graz', '', '8010', 'Autriche'),
(10980, 'FOLKO', 4, '1998-03-27', '1998-05-08', '1998-04-17', 1, '1.26', 'Folk och fä HB', 'Åkergatan 24', 'Bräcke', '', 'S-844 67', 'Suède'),
(10981, 'HANAR', 1, '1998-03-27', '1998-04-24', '1998-04-02', 2, '193.37', 'Hanari Carnes', 'Rua do Paço, 67', 'Rio de Janeiro', 'RJ', '05454-876', 'Brésil'),
(10982, 'BOTTM', 2, '1998-03-27', '1998-04-24', '1998-04-08', 1, '14.01', 'Bottom-Dollar Markets', '23 Tsawassen Blvd.', 'Tsawassen', 'BC', 'T2F 8M4', 'Canada'),
(10983, 'SAVEA', 2, '1998-03-27', '1998-04-24', '1998-04-06', 2, '657.54', 'Save-a-lot Markets', '187 Suffolk Ln.', 'Boise', 'ID', '83720', 'Etats-Unis'),
(10984, 'SAVEA', 1, '1998-03-30', '1998-04-27', '1998-04-03', 3, '211.22', 'Save-a-lot Markets', '187 Suffolk Ln.', 'Boise', 'ID', '83720', 'Etats-Unis'),
(10985, 'HUNGO', 2, '1998-03-30', '1998-04-27', '1998-04-02', 1, '91.51', 'Hungry Owl All-Night Grocers', '8 Johnstown Road', 'Cork', 'Co. Cork', '', 'Irlande'),
(10986, 'OCEAN', 8, '1998-03-30', '1998-04-27', '1998-04-21', 2, '217.86', 'Océano Atlántico Ltda.', 'Ing. Gustavo Moncada 8585\r\nPiso 20-A', 'Buenos Aires', '', '1010', 'Argentine'),
(10987, 'EASTC', 8, '1998-03-31', '1998-04-28', '1998-04-06', 1, '185.48', 'Eastern Connection', '35 King George', 'London', '', 'WX3 6FW', 'Royaume-Uni'),
(10988, 'RATTC', 3, '1998-03-31', '1998-04-28', '1998-04-10', 2, '61.14', 'Rattlesnake Canyon Grocery', '2817 Milton Dr.', 'Albuquerque', 'NM', '87110', 'Etats-Unis'),
(10989, 'QUEDE', 2, '1998-03-31', '1998-04-28', '1998-04-02', 1, '34.76', 'Que Delícia', 'Rua da Panificadora, 12', 'Rio de Janeiro', 'RJ', '02389-673', 'Brésil'),
(10990, 'ERNSH', 2, '1998-04-01', '1998-05-13', '1998-04-07', 3, '117.61', 'Ernst Handel', 'Kirchgasse 6', 'Graz', '', '8010', 'Autriche'),
(10991, 'QUICK', 1, '1998-04-01', '1998-04-29', '1998-04-07', 1, '38.51', 'QUICK-Stop', 'Taucherstraße 10', 'Cunewalde', '', '01307', 'Allemagne'),
(10992, 'THEBI', 1, '1998-04-01', '1998-04-29', '1998-04-03', 3, '4.27', 'The Big Cheese', '89 Jefferson Way\r\nSuite 2', 'Portland', 'OR', '97201', 'Etats-Unis'),
(10993, 'FOLKO', 7, '1998-04-01', '1998-04-29', '1998-04-10', 3, '8.81', 'Folk och fä HB', 'Åkergatan 24', 'Bräcke', '', 'S-844 67', 'Suède'),
(10994, 'VAFFE', 2, '1998-04-02', '1998-04-16', '1998-04-09', 3, '65.53', 'Vaffeljernet', 'Smagsløget 45', 'Århus', '', '8200', 'Danemark'),
(10995, 'PERIC', 1, '1998-04-02', '1998-04-30', '1998-04-06', 3, '46.00', 'Pericles Comidas clásicas', 'Calle Dr. Jorge Cash 321', 'México D.F.', '', '05033', 'Mexique'),
(10996, 'QUICK', 4, '1998-04-02', '1998-04-30', '1998-04-10', 2, '1.12', 'QUICK-Stop', 'Taucherstraße 10', 'Cunewalde', '', '01307', 'Allemagne'),
(10997, 'LILAS', 8, '1998-04-03', '1998-05-15', '1998-04-13', 2, '73.91', 'LILA-Supermercado', 'Carrera 52 con Ave. Bolívar #65-98 Llano Largo', 'Barquisimeto', 'Lara', '3508', 'Venezuela'),
(10998, 'WOLZA', 8, '1998-04-03', '1998-04-17', '1998-04-17', 2, '20.31', 'Wolski Zajazd', 'ul. Filtrowa 68', 'Warszawa', '', '01-012', 'Pologne'),
(10999, 'OTTIK', 6, '1998-04-03', '1998-05-01', '1998-04-10', 2, '96.35', 'Ottilies Käseladen', 'Mehrheimerstr. 369', 'Köln', '', '50739', 'Allemagne'),
(11000, 'RATTC', 2, '1998-04-06', '1998-05-04', '1998-04-14', 3, '55.12', 'Rattlesnake Canyon Grocery', '2817 Milton Dr.', 'Albuquerque', 'NM', '87110', 'Etats-Unis'),
(11001, 'FOLKO', 2, '1998-04-06', '1998-05-04', '1998-04-14', 2, '197.30', 'Folk och fä HB', 'Åkergatan 24', 'Bräcke', '', 'S-844 67', 'Suède'),
(11002, 'SAVEA', 4, '1998-04-06', '1998-05-04', '1998-04-16', 1, '141.16', 'Save-a-lot Markets', '187 Suffolk Ln.', 'Boise', 'ID', '83720', 'Etats-Unis'),
(11003, 'THECR', 3, '1998-04-06', '1998-05-04', '1998-04-08', 3, '14.91', 'The Cracker Box', '55 Grizzly Peak Rd.', 'Butte', 'MT', '59801', 'Etats-Unis'),
(11004, 'MAISD', 3, '1998-04-07', '1998-05-05', '1998-04-20', 1, '44.84', 'Maison Dewey', 'Rue Joseph-Bens 532', 'Bruxelles', '', 'B-1180', 'Belgique'),
(11005, 'WILMK', 2, '1998-04-07', '1998-05-05', '1998-04-10', 1, '0.75', 'Wilman Kala', 'Keskuskatu 45', 'Helsinki', '', '21240', 'Finlande'),
(11006, 'GREAL', 3, '1998-04-07', '1998-05-05', '1998-04-15', 2, '25.19', 'Great Lakes Food Market', '2732 Baker Blvd.', 'Eugene', 'OR', '97403', 'Etats-Unis'),
(11007, 'PRINI', 8, '1998-04-08', '1998-05-06', '1998-04-13', 2, '202.24', 'Princesa Isabel Vinhos', 'Estrada da saúde n. 58', 'Lisboa', '', '1756', 'Portugal'),
(11008, 'ERNSH', 7, '1998-04-08', '1998-05-06', '0000-00-00', 3, '79.46', 'Ernst Handel', 'Kirchgasse 6', 'Graz', '', '8010', 'Autriche'),
(11009, 'GODOS', 2, '1998-04-08', '1998-05-06', '1998-04-10', 1, '59.11', 'Godos Cocina Típica', 'C/ Romero, 33', 'Sevilla', '', '41101', 'Espagne'),
(11010, 'REGGC', 2, '1998-04-09', '1998-05-07', '1998-04-21', 2, '28.71', 'Reggiani Caseifici', 'Strada Provinciale 124', 'Reggio Emilia', '', '42100', 'Italie'),
(11011, 'ALFKI', 3, '1998-04-09', '1998-05-07', '1998-04-13', 1, '1.21', 'Alfreds Futterkiste', 'Obere Str. 57', 'Berlin', '', '12209', 'Allemagne'),
(11012, 'FRANK', 1, '1998-04-09', '1998-04-23', '1998-04-17', 3, '242.95', 'Frankenversand', 'Berliner Platz 43', 'München', '', '80805', 'Allemagne'),
(11013, 'ROMEY', 2, '1998-04-09', '1998-05-07', '1998-04-10', 1, '32.99', 'Romero y tomillo', 'Gran Vía, 1', 'Madrid', '', '28001', 'Espagne'),
(11014, 'LINOD', 2, '1998-04-10', '1998-05-08', '1998-04-15', 3, '23.60', 'LINO-Delicateses', 'Ave. 5 de Mayo Porlamar', 'I. de Margarita', 'Nueva Esparta', '4980', 'Venezuela'),
(11015, 'SANTG', 2, '1998-04-10', '1998-04-24', '1998-04-20', 2, '4.62', 'Santé Gourmet', 'Erling Skakkes gate 78', 'Stavern', '', '4110', 'Norvège'),
(11016, 'AROUT', 9, '1998-04-10', '1998-05-08', '1998-04-13', 2, '33.80', 'Around the Horn', 'Brook Farm\r\nStratford St. Mary', 'Colchester', 'Essex', 'CO7 6JX', 'Royaume-Uni'),
(11017, 'ERNSH', 9, '1998-04-13', '1998-05-11', '1998-04-20', 2, '754.26', 'Ernst Handel', 'Kirchgasse 6', 'Graz', '', '8010', 'Autriche'),
(11018, 'LONEP', 4, '1998-04-13', '1998-05-11', '1998-04-16', 2, '11.65', 'Lonesome Pine Restaurant', '89 Chiaroscuro Rd.', 'Portland', 'OR', '97219', 'Etats-Unis'),
(11019, 'RANCH', 6, '1998-04-13', '1998-05-11', '0000-00-00', 3, '3.17', 'Rancho grande', 'Av. del Libertador 900', 'Buenos Aires', '', '1010', 'Argentine'),
(11020, 'OTTIK', 2, '1998-04-14', '1998-05-12', '1998-04-16', 2, '43.30', 'Ottilies Käseladen', 'Mehrheimerstr. 369', 'Köln', '', '50739', 'Allemagne'),
(11021, 'QUICK', 3, '1998-04-14', '1998-05-12', '1998-04-21', 1, '297.18', 'QUICK-Stop', 'Taucherstraße 10', 'Cunewalde', '', '01307', 'Allemagne'),
(11022, 'HANAR', 9, '1998-04-14', '1998-05-12', '1998-05-04', 2, '6.27', 'Hanari Carnes', 'Rua do Paço, 67', 'Rio de Janeiro', 'RJ', '05454-876', 'Brésil'),
(11023, 'BSBEV', 1, '1998-04-14', '1998-04-28', '1998-04-24', 2, '123.83', 'B\'s Beverages', 'Fauntleroy Circus', 'London', '', 'EC2 5NT', 'Royaume-Uni'),
(11024, 'EASTC', 4, '1998-04-15', '1998-05-13', '1998-04-20', 1, '74.36', 'Eastern Connection', '35 King George', 'London', '', 'WX3 6FW', 'Royaume-Uni'),
(11025, 'WARTH', 6, '1998-04-15', '1998-05-13', '1998-04-24', 3, '29.17', 'Wartian Herkku', 'Torikatu 38', 'Oulu', '', '90110', 'Finlande'),
(11026, 'FRANS', 4, '1998-04-15', '1998-05-13', '1998-04-28', 1, '47.09', 'Franchi S.p.A.', 'Via Monte Bianco 34', 'Torino', '', '10100', 'Italie'),
(11027, 'BOTTM', 1, '1998-04-16', '1998-05-14', '1998-04-20', 1, '52.52', 'Bottom-Dollar Markets', '23 Tsawassen Blvd.', 'Tsawassen', 'BC', 'T2F 8M4', 'Canada'),
(11028, 'KOENE', 2, '1998-04-16', '1998-05-14', '1998-04-22', 1, '29.59', 'Königlich Essen', 'Maubelstr. 90', 'Brandenburg', '', '14776', 'Allemagne'),
(11029, 'CHOPS', 4, '1998-04-16', '1998-05-14', '1998-04-27', 1, '47.84', 'Chop-suey Chinese', 'Hauptstr. 31', 'Bern', '', '3012', 'Suisse'),
(11030, 'SAVEA', 7, '1998-04-17', '1998-05-15', '1998-04-27', 2, '830.75', 'Save-a-lot Markets', '187 Suffolk Ln.', 'Boise', 'ID', '83720', 'Etats-Unis'),
(11031, 'SAVEA', 6, '1998-04-17', '1998-05-15', '1998-04-24', 2, '227.22', 'Save-a-lot Markets', '187 Suffolk Ln.', 'Boise', 'ID', '83720', 'Etats-Unis'),
(11032, 'WHITC', 2, '1998-04-17', '1998-05-15', '1998-04-23', 3, '606.19', 'White Clover Markets', '1029 - 12th Ave. S.', 'Seattle', 'WA', '98124', 'Etats-Unis'),
(11033, 'RICSU', 7, '1998-04-17', '1998-05-15', '1998-04-23', 3, '84.74', 'Richter Supermarkt', 'Starenweg 5', 'Genève', '', '1204', 'Suisse'),
(11034, 'OLDWO', 8, '1998-04-20', '1998-06-01', '1998-04-27', 1, '40.32', 'Old World Delicatessen', '2743 Bering St.', 'Anchorage', 'AK', '99508', 'Etats-Unis'),
(11035, 'SUPRD', 2, '1998-04-20', '1998-05-18', '1998-04-24', 2, '0.17', 'Suprêmes délices', 'Boulevard Tirou, 255', 'Charleroi', '', 'B-6000', 'Belgique'),
(11036, 'DRACD', 8, '1998-04-20', '1998-05-18', '1998-04-22', 3, '149.47', 'Drachenblut Delikatessen', 'Walserweg 21', 'Aachen', '', '52066', 'Allemagne'),
(11037, 'GODOS', 7, '1998-04-21', '1998-05-19', '1998-04-27', 1, '3.20', 'Godos Cocina Típica', 'C/ Romero, 33', 'Sevilla', '', '41101', 'Espagne'),
(11038, 'SUPRD', 1, '1998-04-21', '1998-05-19', '1998-04-30', 2, '29.59', 'Suprêmes délices', 'Boulevard Tirou, 255', 'Charleroi', '', 'B-6000', 'Belgique'),
(11039, 'LINOD', 1, '1998-04-21', '1998-05-19', '0000-00-00', 2, '65.00', 'LINO-Delicateses', 'Ave. 5 de Mayo Porlamar', 'I. de Margarita', 'Nueva Esparta', '4980', 'Venezuela'),
(11040, 'GREAL', 4, '1998-04-22', '1998-05-20', '0000-00-00', 3, '18.84', 'Great Lakes Food Market', '2732 Baker Blvd.', 'Eugene', 'OR', '97403', 'Etats-Unis'),
(11041, 'CHOPS', 3, '1998-04-22', '1998-05-20', '1998-04-28', 2, '48.22', 'Chop-suey Chinese', 'Hauptstr. 31', 'Bern', '', '3012', 'Suisse'),
(11042, 'COMMI', 2, '1998-04-22', '1998-05-06', '1998-05-01', 1, '29.99', 'Comércio Mineiro', 'Av. dos Lusíadas, 23', 'São Paulo', 'SP', '05432-043', 'Brésil'),
(11043, 'SPECD', 5, '1998-04-22', '1998-05-20', '1998-04-29', 2, '8.80', 'Spécialités du monde', '25, rue Lauriston', 'Paris', '', '75016', 'France'),
(11044, 'WOLZA', 4, '1998-04-23', '1998-05-21', '1998-05-01', 1, '8.72', 'Wolski Zajazd', 'ul. Filtrowa 68', 'Warszawa', '', '01-012', 'Pologne'),
(11045, 'BOTTM', 6, '1998-04-23', '1998-05-21', '0000-00-00', 2, '70.58', 'Bottom-Dollar Markets', '23 Tsawassen Blvd.', 'Tsawassen', 'BC', 'T2F 8M4', 'Canada'),
(11046, 'WANDK', 8, '1998-04-23', '1998-05-21', '1998-04-24', 2, '71.64', 'Die Wandernde Kuh', 'Adenauerallee 900', 'Stuttgart', '', '70563', 'Allemagne'),
(11047, 'EASTC', 7, '1998-04-24', '1998-05-22', '1998-05-01', 3, '46.62', 'Eastern Connection', '35 King George', 'London', '', 'WX3 6FW', 'Royaume-Uni'),
(11048, 'BOTTM', 7, '1998-04-24', '1998-05-22', '1998-04-30', 3, '24.12', 'Bottom-Dollar Markets', '23 Tsawassen Blvd.', 'Tsawassen', 'BC', 'T2F 8M4', 'Canada'),
(11049, 'GOURL', 3, '1998-04-24', '1998-05-22', '1998-05-04', 1, '8.34', 'Gourmet Lanchonetes', 'Av. Brasil, 442', 'Campinas', 'SP', '04876-786', 'Brésil'),
(11050, 'FOLKO', 8, '1998-04-27', '1998-05-25', '1998-05-05', 2, '59.41', 'Folk och fä HB', 'Åkergatan 24', 'Bräcke', '', 'S-844 67', 'Suède'),
(11051, 'LAMAI', 7, '1998-04-27', '1998-05-25', '0000-00-00', 3, '2.79', 'La maison d\'Asie', '1 rue Alsace-Lorraine', 'Toulouse', '', '31000', 'France'),
(11052, 'HANAR', 3, '1998-04-27', '1998-05-25', '1998-05-01', 1, '67.26', 'Hanari Carnes', 'Rua do Paço, 67', 'Rio de Janeiro', 'RJ', '05454-876', 'Brésil'),
(11053, 'PICCO', 2, '1998-04-27', '1998-05-25', '1998-04-29', 2, '53.05', 'Piccolo und mehr', 'Geislweg 14', 'Salzburg', '', '5020', 'Autriche'),
(11054, 'CACTU', 8, '1998-04-28', '1998-05-26', '0000-00-00', 1, '0.33', 'Cactus Comidas para llevar', 'Cerrito 333', 'Buenos Aires', '', '1010', 'Argentine'),
(11055, 'HILAA', 7, '1998-04-28', '1998-05-26', '1998-05-05', 2, '120.92', 'HILARIÓN-Abastos', 'Carrera 22 con Ave. Carlos Soublette #8-35', 'San Cristóbal', 'Táchira', '5022', 'Venezuela'),
(11056, 'EASTC', 8, '1998-04-28', '1998-05-12', '1998-05-01', 2, '278.96', 'Eastern Connection', '35 King George', 'London', '', 'WX3 6FW', 'Royaume-Uni'),
(11057, 'NORTS', 3, '1998-04-29', '1998-05-27', '1998-05-01', 3, '4.13', 'North/South', 'South House\r\n300 Queensbridge', 'London', '', 'SW7 1RZ', 'Royaume-Uni'),
(11058, 'BLAUS', 9, '1998-04-29', '1998-05-27', '0000-00-00', 3, '31.14', 'Blauer See Delikatessen', 'Forsterstr. 57', 'Mannheim', '', '68306', 'Allemagne'),
(11059, 'RICAR', 2, '1998-04-29', '1998-06-10', '0000-00-00', 2, '85.80', 'Ricardo Adocicados', 'Av. Copacabana, 267', 'Rio de Janeiro', 'RJ', '02389-890', 'Brésil'),
(11060, 'FRANS', 2, '1998-04-30', '1998-05-28', '1998-05-04', 2, '10.98', 'Franchi S.p.A.', 'Via Monte Bianco 34', 'Torino', '', '10100', 'Italie'),
(11061, 'GREAL', 4, '1998-04-30', '1998-06-11', '0000-00-00', 3, '14.01', 'Great Lakes Food Market', '2732 Baker Blvd.', 'Eugene', 'OR', '97403', 'Etats-Unis'),
(11062, 'REGGC', 4, '1998-04-30', '1998-05-28', '0000-00-00', 2, '29.93', 'Reggiani Caseifici', 'Strada Provinciale 124', 'Reggio Emilia', '', '42100', 'Italie'),
(11063, 'HUNGO', 3, '1998-04-30', '1998-05-28', '1998-05-06', 2, '81.73', 'Hungry Owl All-Night Grocers', '8 Johnstown Road', 'Cork', 'Co. Cork', '', 'Irlande'),
(11064, 'SAVEA', 1, '1998-05-01', '1998-05-29', '1998-05-04', 1, '30.09', 'Save-a-lot Markets', '187 Suffolk Ln.', 'Boise', 'ID', '83720', 'Etats-Unis'),
(11065, 'LILAS', 8, '1998-05-01', '1998-05-29', '0000-00-00', 1, '12.91', 'LILA-Supermercado', 'Carrera 52 con Ave. Bolívar #65-98 Llano Largo', 'Barquisimeto', 'Lara', '3508', 'Venezuela'),
(11066, 'WHITC', 7, '1998-05-01', '1998-05-29', '1998-05-04', 2, '44.72', 'White Clover Markets', '1029 - 12th Ave. S.', 'Seattle', 'WA', '98124', 'Etats-Unis'),
(11067, 'DRACD', 1, '1998-05-04', '1998-05-18', '1998-05-06', 2, '7.98', 'Drachenblut Delikatessen', 'Walserweg 21', 'Aachen', '', '52066', 'Allemagne'),
(11068, 'QUEEN', 8, '1998-05-04', '1998-06-01', '0000-00-00', 2, '81.75', 'Queen Cozinha', 'Alameda dos Canàrios, 891', 'São Paulo', 'SP', '05487-020', 'Brésil'),
(11069, 'TORTU', 1, '1998-05-04', '1998-06-01', '1998-05-06', 2, '15.67', 'Tortuga Restaurante', 'Avda. Azteca 123', 'México D.F.', '', '05033', 'Mexique'),
(11070, 'LEHMS', 2, '1998-05-05', '1998-06-02', '0000-00-00', 1, '136.00', 'Lehmanns Marktstand', 'Magazinweg 7', 'Frankfurt a.M.', '', '60528', 'Allemagne'),
(11071, 'LILAS', 1, '1998-05-05', '1998-06-02', '0000-00-00', 1, '0.93', 'LILA-Supermercado', 'Carrera 52 con Ave. Bolívar #65-98 Llano Largo', 'Barquisimeto', 'Lara', '3508', 'Venezuela'),
(11072, 'ERNSH', 4, '1998-05-05', '1998-06-02', '0000-00-00', 2, '258.64', 'Ernst Handel', 'Kirchgasse 6', 'Graz', '', '8010', 'Autriche'),
(11073, 'PERIC', 2, '1998-05-05', '1998-06-02', '0000-00-00', 2, '24.95', 'Pericles Comidas clásicas', 'Calle Dr. Jorge Cash 321', 'México D.F.', '', '05033', 'Mexique'),
(11074, 'SIMOB', 7, '1998-05-06', '1998-06-03', '0000-00-00', 2, '18.44', 'Simons bistro', 'Vinbæltet 34', 'København', '', '1734', 'Danemark'),
(11075, 'RICSU', 8, '1998-05-06', '1998-06-03', '0000-00-00', 2, '6.19', 'Richter Supermarkt', 'Starenweg 5', 'Genève', '', '1204', 'Suisse'),
(11076, 'BONAP', 4, '1998-05-06', '1998-06-03', '0000-00-00', 2, '38.28', 'Bon app\'', '12, rue des Bouchers', 'Marseille', '', '13008', 'France'),
(11077, 'RATTC', 1, '1998-05-06', '1998-06-03', '0000-00-00', 2, '8.53', 'Rattlesnake Canyon Grocery', '2817 Milton Dr.', 'Albuquerque', 'NM', '87110', 'Etats-Unis');

-- --------------------------------------------------------

--
-- Structure de la table `détails commandes`
--

CREATE TABLE `détails commandes` (
  `N° commande` int(11) NOT NULL,
  `Réf produit` int(11) NOT NULL,
  `Prix unitaire` decimal(10,2) NOT NULL,
  `Quantité` int(11) NOT NULL,
  `Remise (%)` decimal(10,2) NOT NULL
) ENGINE=InnoDB DEFAULT CHARSET=latin1;

--
-- Déchargement des données de la table `détails commandes`
--

INSERT INTO `détails commandes` (`N° commande`, `Réf produit`, `Prix unitaire`, `Quantité`, `Remise (%)`) VALUES
(10248, 11, '14.00', 12, '0.00'),
(10248, 42, '9.80', 10, '0.00'),
(10248, 72, '34.80', 5, '0.00'),
(10249, 14, '18.60', 9, '0.00'),
(10249, 51, '42.40', 40, '0.00'),
(10250, 41, '7.70', 10, '0.00'),
(10250, 51, '42.40', 35, '0.15'),
(10250, 65, '16.80', 15, '0.15'),
(10251, 22, '16.80', 6, '0.05'),
(10251, 57, '15.60', 15, '0.05'),
(10251, 65, '16.80', 20, '0.00'),
(10252, 20, '64.80', 40, '0.05'),
(10252, 33, '2.00', 25, '0.05'),
(10252, 60, '27.20', 40, '0.00'),
(10253, 31, '10.00', 20, '0.00'),
(10253, 39, '14.40', 42, '0.00'),
(10253, 49, '16.00', 40, '0.00'),
(10254, 24, '3.60', 15, '0.15'),
(10254, 55, '19.20', 21, '0.15'),
(10254, 74, '8.00', 21, '0.00'),
(10255, 2, '15.20', 20, '0.00'),
(10255, 16, '13.90', 35, '0.00'),
(10255, 36, '15.20', 25, '0.00'),
(10255, 59, '44.00', 30, '0.00'),
(10256, 53, '26.20', 15, '0.00'),
(10256, 77, '10.40', 12, '0.00'),
(10257, 27, '35.10', 25, '0.00'),
(10257, 39, '14.40', 6, '0.00'),
(10257, 77, '10.40', 15, '0.00'),
(10258, 2, '15.20', 50, '0.20'),
(10258, 5, '17.00', 65, '0.20'),
(10258, 32, '25.60', 6, '0.20'),
(10259, 21, '8.00', 10, '0.00'),
(10259, 37, '20.80', 1, '0.00'),
(10260, 41, '7.70', 16, '0.25'),
(10260, 57, '15.60', 50, '0.00'),
(10260, 62, '39.40', 15, '0.25'),
(10260, 70, '12.00', 21, '0.25'),
(10261, 21, '8.00', 20, '0.00'),
(10261, 35, '14.40', 20, '0.00'),
(10262, 5, '17.00', 12, '0.20'),
(10262, 7, '24.00', 15, '0.00'),
(10262, 56, '30.40', 2, '0.00'),
(10263, 16, '13.90', 60, '0.25'),
(10263, 24, '3.60', 28, '0.00'),
(10263, 30, '20.70', 60, '0.25'),
(10263, 74, '8.00', 36, '0.25'),
(10264, 2, '15.20', 35, '0.00'),
(10264, 41, '7.70', 25, '0.15'),
(10265, 17, '31.20', 30, '0.00'),
(10265, 70, '12.00', 20, '0.00'),
(10266, 12, '30.40', 12, '0.05'),
(10267, 40, '14.70', 50, '0.00'),
(10267, 59, '44.00', 70, '0.15'),
(10267, 76, '14.40', 15, '0.15'),
(10268, 29, '99.00', 10, '0.00'),
(10268, 72, '27.80', 4, '0.00'),
(10269, 33, '2.00', 60, '0.05'),
(10269, 72, '27.80', 20, '0.05'),
(10270, 36, '15.20', 30, '0.00'),
(10270, 43, '36.80', 25, '0.00'),
(10271, 33, '2.00', 24, '0.00'),
(10272, 20, '64.80', 6, '0.00'),
(10272, 31, '10.00', 40, '0.00'),
(10272, 72, '27.80', 24, '0.00'),
(10273, 10, '24.80', 24, '0.05'),
(10273, 31, '10.00', 15, '0.05'),
(10273, 33, '2.00', 20, '0.00'),
(10273, 40, '14.70', 60, '0.05'),
(10273, 76, '14.40', 33, '0.05'),
(10274, 71, '17.20', 20, '0.00'),
(10274, 72, '27.80', 7, '0.00'),
(10275, 24, '3.60', 12, '0.05'),
(10275, 59, '44.00', 6, '0.05'),
(10276, 10, '24.80', 15, '0.00'),
(10276, 13, '4.80', 10, '0.00'),
(10277, 28, '36.40', 20, '0.00'),
(10277, 62, '39.40', 12, '0.00'),
(10278, 44, '15.50', 16, '0.00'),
(10278, 59, '44.00', 15, '0.00'),
(10278, 63, '35.10', 8, '0.00'),
(10278, 73, '12.00', 25, '0.00'),
(10279, 17, '31.20', 15, '0.25'),
(10280, 24, '3.60', 12, '0.00'),
(10280, 55, '19.20', 20, '0.00'),
(10280, 75, '6.20', 30, '0.00'),
(10281, 19, '7.30', 1, '0.00'),
(10281, 24, '3.60', 6, '0.00'),
(10281, 35, '14.40', 4, '0.00'),
(10282, 30, '20.70', 6, '0.00'),
(10282, 57, '15.60', 2, '0.00'),
(10283, 15, '12.40', 20, '0.00'),
(10283, 19, '7.30', 18, '0.00'),
(10283, 60, '27.20', 35, '0.00'),
(10283, 72, '27.80', 3, '0.00'),
(10284, 27, '35.10', 15, '0.25'),
(10284, 44, '15.50', 21, '0.00'),
(10284, 60, '27.20', 20, '0.25'),
(10284, 67, '11.20', 5, '0.25'),
(10285, 1, '14.40', 45, '0.20'),
(10285, 40, '14.70', 40, '0.20'),
(10285, 53, '26.20', 36, '0.20'),
(10286, 35, '14.40', 100, '0.00'),
(10286, 62, '39.40', 40, '0.00'),
(10287, 16, '13.90', 40, '0.15'),
(10287, 34, '11.20', 20, '0.00'),
(10287, 46, '9.60', 15, '0.15'),
(10288, 54, '5.90', 10, '0.10'),
(10288, 68, '10.00', 3, '0.10'),
(10289, 3, '8.00', 30, '0.00'),
(10289, 64, '26.60', 9, '0.00'),
(10290, 5, '17.00', 20, '0.00'),
(10290, 29, '99.00', 15, '0.00'),
(10290, 49, '16.00', 15, '0.00'),
(10290, 77, '10.40', 10, '0.00'),
(10291, 13, '4.80', 20, '0.10'),
(10291, 44, '15.50', 24, '0.10'),
(10291, 51, '42.40', 2, '0.10'),
(10292, 20, '64.80', 20, '0.00'),
(10293, 18, '50.00', 12, '0.00'),
(10293, 24, '3.60', 10, '0.00'),
(10293, 63, '35.10', 5, '0.00'),
(10293, 75, '6.20', 6, '0.00'),
(10294, 1, '14.40', 18, '0.00'),
(10294, 17, '31.20', 15, '0.00'),
(10294, 43, '36.80', 15, '0.00'),
(10294, 60, '27.20', 21, '0.00'),
(10294, 75, '6.20', 6, '0.00'),
(10295, 56, '30.40', 4, '0.00'),
(10296, 11, '16.80', 12, '0.00'),
(10296, 16, '13.90', 30, '0.00'),
(10296, 69, '28.80', 15, '0.00'),
(10297, 39, '14.40', 60, '0.00'),
(10297, 72, '27.80', 20, '0.00'),
(10298, 2, '15.20', 40, '0.00'),
(10298, 36, '15.20', 40, '0.25'),
(10298, 59, '44.00', 30, '0.25'),
(10298, 62, '39.40', 15, '0.00'),
(10299, 19, '7.30', 15, '0.00'),
(10299, 70, '12.00', 20, '0.00'),
(10300, 66, '13.60', 30, '0.00'),
(10300, 68, '10.00', 20, '0.00'),
(10301, 40, '14.70', 10, '0.00'),
(10301, 56, '30.40', 20, '0.00'),
(10302, 17, '31.20', 40, '0.00'),
(10302, 28, '36.40', 28, '0.00'),
(10302, 43, '36.80', 12, '0.00'),
(10303, 40, '14.70', 40, '0.10'),
(10303, 65, '16.80', 30, '0.10'),
(10303, 68, '10.00', 15, '0.10'),
(10304, 49, '16.00', 30, '0.00'),
(10304, 59, '44.00', 10, '0.00'),
(10304, 71, '17.20', 2, '0.00'),
(10305, 18, '50.00', 25, '0.10'),
(10305, 29, '99.00', 25, '0.10'),
(10305, 39, '14.40', 30, '0.10'),
(10306, 30, '20.70', 10, '0.00'),
(10306, 53, '26.20', 10, '0.00'),
(10306, 54, '5.90', 5, '0.00'),
(10307, 62, '39.40', 10, '0.00'),
(10307, 68, '10.00', 3, '0.00'),
(10308, 69, '28.80', 1, '0.00'),
(10308, 70, '12.00', 5, '0.00'),
(10309, 4, '17.60', 20, '0.00'),
(10309, 6, '20.00', 30, '0.00'),
(10309, 42, '11.20', 2, '0.00'),
(10309, 43, '36.80', 20, '0.00'),
(10309, 71, '17.20', 3, '0.00'),
(10310, 16, '13.90', 10, '0.00'),
(10310, 62, '39.40', 5, '0.00'),
(10311, 42, '11.20', 6, '0.00'),
(10311, 69, '28.80', 7, '0.00'),
(10312, 28, '36.40', 4, '0.00'),
(10312, 43, '36.80', 24, '0.00'),
(10312, 53, '26.20', 20, '0.00'),
(10312, 75, '6.20', 10, '0.00'),
(10313, 36, '15.20', 12, '0.00'),
(10314, 32, '25.60', 40, '0.10'),
(10314, 58, '10.60', 30, '0.10'),
(10314, 62, '39.40', 25, '0.10'),
(10315, 34, '11.20', 14, '0.00'),
(10315, 70, '12.00', 30, '0.00'),
(10316, 41, '7.70', 10, '0.00'),
(10316, 62, '39.40', 70, '0.00'),
(10317, 1, '14.40', 20, '0.00'),
(10318, 41, '7.70', 20, '0.00'),
(10318, 76, '14.40', 6, '0.00'),
(10319, 17, '31.20', 8, '0.00'),
(10319, 28, '36.40', 14, '0.00'),
(10319, 76, '14.40', 30, '0.00'),
(10320, 71, '17.20', 30, '0.00'),
(10321, 35, '14.40', 10, '0.00'),
(10322, 52, '5.60', 20, '0.00'),
(10323, 15, '12.40', 5, '0.00'),
(10323, 25, '11.20', 4, '0.00'),
(10323, 39, '14.40', 4, '0.00'),
(10324, 16, '13.90', 21, '0.15'),
(10324, 35, '14.40', 70, '0.15'),
(10324, 46, '9.60', 30, '0.00'),
(10324, 59, '44.00', 40, '0.15'),
(10324, 63, '35.10', 80, '0.15'),
(10325, 6, '20.00', 6, '0.00'),
(10325, 13, '4.80', 12, '0.00'),
(10325, 14, '18.60', 9, '0.00'),
(10325, 31, '10.00', 4, '0.00'),
(10325, 72, '27.80', 40, '0.00'),
(10326, 4, '17.60', 24, '0.00'),
(10326, 57, '15.60', 16, '0.00'),
(10326, 75, '6.20', 50, '0.00'),
(10327, 2, '15.20', 25, '0.20'),
(10327, 11, '16.80', 50, '0.20'),
(10327, 30, '20.70', 35, '0.20'),
(10327, 58, '10.60', 30, '0.20'),
(10328, 59, '44.00', 9, '0.00'),
(10328, 65, '16.80', 40, '0.00'),
(10328, 68, '10.00', 10, '0.00'),
(10329, 19, '7.30', 10, '0.05'),
(10329, 30, '20.70', 8, '0.05'),
(10329, 38, '210.80', 20, '0.05'),
(10329, 56, '30.40', 12, '0.05'),
(10330, 26, '24.90', 50, '0.15'),
(10330, 72, '27.80', 25, '0.15'),
(10331, 54, '5.90', 15, '0.00'),
(10332, 18, '50.00', 40, '0.20'),
(10332, 42, '11.20', 10, '0.20'),
(10332, 47, '7.60', 16, '0.20'),
(10333, 14, '18.60', 10, '0.00'),
(10333, 21, '8.00', 10, '0.10'),
(10333, 71, '17.20', 40, '0.10'),
(10334, 52, '5.60', 8, '0.00'),
(10334, 68, '10.00', 10, '0.00'),
(10335, 2, '15.20', 7, '0.20'),
(10335, 31, '10.00', 25, '0.20'),
(10335, 32, '25.60', 6, '0.20'),
(10335, 51, '42.40', 48, '0.20'),
(10336, 4, '17.60', 18, '0.10'),
(10337, 23, '7.20', 40, '0.00'),
(10337, 26, '24.90', 24, '0.00'),
(10337, 36, '15.20', 20, '0.00'),
(10337, 37, '20.80', 28, '0.00'),
(10337, 72, '27.80', 25, '0.00'),
(10338, 17, '31.20', 20, '0.00'),
(10338, 30, '20.70', 15, '0.00'),
(10339, 4, '17.60', 10, '0.00'),
(10339, 17, '31.20', 70, '0.05'),
(10339, 62, '39.40', 28, '0.00'),
(10340, 18, '50.00', 20, '0.05'),
(10340, 41, '7.70', 12, '0.05'),
(10340, 43, '36.80', 40, '0.05'),
(10341, 33, '2.00', 8, '0.00'),
(10341, 59, '44.00', 9, '0.15'),
(10342, 2, '15.20', 24, '0.20'),
(10342, 31, '10.00', 56, '0.20'),
(10342, 36, '15.20', 40, '0.20'),
(10342, 55, '19.20', 40, '0.20'),
(10343, 64, '26.60', 50, '0.00'),
(10343, 68, '10.00', 4, '0.05'),
(10343, 76, '14.40', 15, '0.00'),
(10344, 4, '17.60', 35, '0.00'),
(10344, 8, '32.00', 70, '0.25'),
(10345, 8, '32.00', 70, '0.00'),
(10345, 19, '7.30', 80, '0.00'),
(10345, 42, '11.20', 9, '0.00'),
(10346, 17, '31.20', 36, '0.10'),
(10346, 56, '30.40', 20, '0.00'),
(10347, 25, '11.20', 10, '0.00'),
(10347, 39, '14.40', 50, '0.15'),
(10347, 40, '14.70', 4, '0.00'),
(10347, 75, '6.20', 6, '0.15'),
(10348, 1, '14.40', 15, '0.15'),
(10348, 23, '7.20', 25, '0.00'),
(10349, 54, '5.90', 24, '0.00'),
(10350, 50, '13.00', 15, '0.10'),
(10350, 69, '28.80', 18, '0.10'),
(10351, 38, '210.80', 20, '0.05'),
(10351, 41, '7.70', 13, '0.00'),
(10351, 44, '15.50', 77, '0.05'),
(10351, 65, '16.80', 10, '0.05'),
(10352, 24, '3.60', 10, '0.00'),
(10352, 54, '5.90', 20, '0.15'),
(10353, 11, '16.80', 12, '0.20'),
(10353, 38, '210.80', 50, '0.20'),
(10354, 1, '14.40', 12, '0.00'),
(10354, 29, '99.00', 4, '0.00'),
(10355, 24, '3.60', 25, '0.00'),
(10355, 57, '15.60', 25, '0.00'),
(10356, 31, '10.00', 30, '0.00'),
(10356, 55, '19.20', 12, '0.00'),
(10356, 69, '28.80', 20, '0.00'),
(10357, 10, '24.80', 30, '0.20'),
(10357, 26, '24.90', 16, '0.00'),
(10357, 60, '27.20', 8, '0.20'),
(10358, 24, '3.60', 10, '0.05'),
(10358, 34, '11.20', 10, '0.05'),
(10358, 36, '15.20', 20, '0.05'),
(10359, 16, '13.90', 56, '0.05'),
(10359, 31, '10.00', 70, '0.05'),
(10359, 60, '27.20', 80, '0.05'),
(10360, 28, '36.40', 30, '0.00'),
(10360, 29, '99.00', 35, '0.00'),
(10360, 38, '210.80', 10, '0.00'),
(10360, 49, '16.00', 35, '0.00'),
(10360, 54, '5.90', 28, '0.00'),
(10361, 39, '14.40', 54, '0.10'),
(10361, 60, '27.20', 55, '0.10'),
(10362, 25, '11.20', 50, '0.00'),
(10362, 51, '42.40', 20, '0.00'),
(10362, 54, '5.90', 24, '0.00'),
(10363, 31, '10.00', 20, '0.00'),
(10363, 75, '6.20', 12, '0.00'),
(10363, 76, '14.40', 12, '0.00'),
(10364, 69, '28.80', 30, '0.00'),
(10364, 71, '17.20', 5, '0.00'),
(10365, 11, '16.80', 24, '0.00'),
(10366, 65, '16.80', 5, '0.00'),
(10366, 77, '10.40', 5, '0.00'),
(10367, 34, '11.20', 36, '0.00'),
(10367, 54, '5.90', 18, '0.00'),
(10367, 65, '16.80', 15, '0.00'),
(10367, 77, '10.40', 7, '0.00'),
(10368, 21, '8.00', 5, '0.10'),
(10368, 28, '36.40', 13, '0.10'),
(10368, 57, '15.60', 25, '0.00'),
(10368, 64, '26.60', 35, '0.10'),
(10369, 29, '99.00', 20, '0.00'),
(10369, 56, '30.40', 18, '0.25'),
(10370, 1, '14.40', 15, '0.15'),
(10370, 64, '26.60', 30, '0.00'),
(10370, 74, '8.00', 20, '0.15'),
(10371, 36, '15.20', 6, '0.20'),
(10372, 20, '64.80', 12, '0.25'),
(10372, 38, '210.80', 40, '0.25'),
(10372, 60, '27.20', 70, '0.25'),
(10372, 72, '27.80', 42, '0.25'),
(10373, 58, '10.60', 80, '0.20'),
(10373, 71, '17.20', 50, '0.20'),
(10374, 31, '10.00', 30, '0.00'),
(10374, 58, '10.60', 15, '0.00'),
(10375, 14, '18.60', 15, '0.00'),
(10375, 54, '5.90', 10, '0.00'),
(10376, 31, '10.00', 42, '0.05'),
(10377, 28, '36.40', 20, '0.15'),
(10377, 39, '14.40', 20, '0.15'),
(10378, 71, '17.20', 6, '0.00'),
(10379, 41, '7.70', 8, '0.10'),
(10379, 63, '35.10', 16, '0.10'),
(10379, 65, '16.80', 20, '0.10'),
(10380, 30, '20.70', 18, '0.10'),
(10380, 53, '26.20', 20, '0.10'),
(10380, 60, '27.20', 6, '0.10'),
(10380, 70, '12.00', 30, '0.00'),
(10381, 74, '8.00', 14, '0.00'),
(10382, 5, '17.00', 32, '0.00'),
(10382, 18, '50.00', 9, '0.00'),
(10382, 29, '99.00', 14, '0.00'),
(10382, 33, '2.00', 60, '0.00'),
(10382, 74, '8.00', 50, '0.00'),
(10383, 13, '4.80', 20, '0.00'),
(10383, 50, '13.00', 15, '0.00'),
(10383, 56, '30.40', 20, '0.00'),
(10384, 20, '64.80', 28, '0.00'),
(10384, 60, '27.20', 15, '0.00'),
(10385, 7, '24.00', 10, '0.20'),
(10385, 60, '27.20', 20, '0.20'),
(10385, 68, '10.00', 8, '0.20'),
(10386, 24, '3.60', 15, '0.00'),
(10386, 34, '11.20', 10, '0.00'),
(10387, 24, '3.60', 15, '0.00'),
(10387, 28, '36.40', 6, '0.00'),
(10387, 59, '44.00', 12, '0.00'),
(10387, 71, '17.20', 15, '0.00'),
(10388, 45, '7.60', 15, '0.20'),
(10388, 52, '5.60', 20, '0.20'),
(10388, 53, '26.20', 40, '0.00'),
(10389, 10, '24.80', 16, '0.00'),
(10389, 55, '19.20', 15, '0.00'),
(10389, 62, '39.40', 20, '0.00'),
(10389, 70, '12.00', 30, '0.00'),
(10390, 31, '10.00', 60, '0.10'),
(10390, 35, '14.40', 40, '0.10'),
(10390, 46, '9.60', 45, '0.00'),
(10390, 72, '27.80', 24, '0.10'),
(10391, 13, '4.80', 18, '0.00'),
(10392, 69, '28.80', 50, '0.00'),
(10393, 2, '15.20', 25, '0.25'),
(10393, 14, '18.60', 42, '0.25'),
(10393, 25, '11.20', 7, '0.25'),
(10393, 26, '24.90', 70, '0.25'),
(10393, 31, '10.00', 32, '0.00'),
(10394, 13, '4.80', 10, '0.00'),
(10394, 62, '39.40', 10, '0.00'),
(10395, 46, '9.60', 28, '0.10'),
(10395, 53, '26.20', 70, '0.10'),
(10395, 69, '28.80', 8, '0.00'),
(10396, 23, '7.20', 40, '0.00'),
(10396, 71, '17.20', 60, '0.00'),
(10396, 72, '27.80', 21, '0.00'),
(10397, 21, '8.00', 10, '0.15'),
(10397, 51, '42.40', 18, '0.15'),
(10398, 35, '14.40', 30, '0.00'),
(10398, 55, '19.20', 120, '0.10'),
(10399, 68, '10.00', 60, '0.00'),
(10399, 71, '17.20', 30, '0.00'),
(10399, 76, '14.40', 35, '0.00'),
(10399, 77, '10.40', 14, '0.00'),
(10400, 29, '99.00', 21, '0.00'),
(10400, 35, '14.40', 35, '0.00'),
(10400, 49, '16.00', 30, '0.00'),
(10401, 30, '20.70', 18, '0.00'),
(10401, 56, '30.40', 70, '0.00'),
(10401, 65, '16.80', 20, '0.00'),
(10401, 71, '17.20', 60, '0.00'),
(10402, 23, '7.20', 60, '0.00'),
(10402, 63, '35.10', 65, '0.00'),
(10403, 16, '13.90', 21, '0.15'),
(10403, 48, '10.20', 70, '0.15'),
(10404, 26, '24.90', 30, '0.05'),
(10404, 42, '11.20', 40, '0.05'),
(10404, 49, '16.00', 30, '0.05'),
(10405, 3, '8.00', 50, '0.00'),
(10406, 1, '14.40', 10, '0.00'),
(10406, 21, '8.00', 30, '0.10'),
(10406, 28, '36.40', 42, '0.10'),
(10406, 36, '15.20', 5, '0.10'),
(10406, 40, '14.70', 2, '0.10'),
(10407, 11, '16.80', 30, '0.00'),
(10407, 69, '28.80', 15, '0.00'),
(10407, 71, '17.20', 15, '0.00'),
(10408, 37, '20.80', 10, '0.00'),
(10408, 54, '5.90', 6, '0.00'),
(10408, 62, '39.40', 35, '0.00'),
(10409, 14, '18.60', 12, '0.00'),
(10409, 21, '8.00', 12, '0.00'),
(10410, 33, '2.00', 49, '0.00'),
(10410, 59, '44.00', 16, '0.00'),
(10411, 41, '7.70', 25, '0.20'),
(10411, 44, '15.50', 40, '0.20'),
(10411, 59, '44.00', 9, '0.20'),
(10412, 14, '18.60', 20, '0.10'),
(10413, 1, '14.40', 24, '0.00'),
(10413, 62, '39.40', 40, '0.00'),
(10413, 76, '14.40', 14, '0.00'),
(10414, 19, '7.30', 18, '0.05'),
(10414, 33, '2.00', 50, '0.00'),
(10415, 17, '31.20', 2, '0.00'),
(10415, 33, '2.00', 20, '0.00'),
(10416, 19, '7.30', 20, '0.00'),
(10416, 53, '26.20', 10, '0.00'),
(10416, 57, '15.60', 20, '0.00'),
(10417, 38, '210.80', 50, '0.00'),
(10417, 46, '9.60', 2, '0.25'),
(10417, 68, '10.00', 36, '0.25'),
(10417, 77, '10.40', 35, '0.00'),
(10418, 2, '15.20', 60, '0.00'),
(10418, 47, '7.60', 55, '0.00'),
(10418, 61, '22.80', 16, '0.00'),
(10418, 74, '8.00', 15, '0.00'),
(10419, 60, '27.20', 60, '0.05'),
(10419, 69, '28.80', 20, '0.05'),
(10420, 9, '77.60', 20, '0.10'),
(10420, 13, '4.80', 2, '0.10'),
(10420, 70, '12.00', 8, '0.10'),
(10420, 73, '12.00', 20, '0.10'),
(10421, 19, '7.30', 4, '0.15'),
(10421, 26, '24.90', 30, '0.00'),
(10421, 53, '26.20', 15, '0.15'),
(10421, 77, '10.40', 10, '0.15'),
(10422, 26, '24.90', 2, '0.00'),
(10423, 31, '10.00', 14, '0.00'),
(10423, 59, '44.00', 20, '0.00'),
(10424, 35, '14.40', 60, '0.20'),
(10424, 38, '210.80', 49, '0.20'),
(10424, 68, '10.00', 30, '0.20'),
(10425, 55, '19.20', 10, '0.25'),
(10425, 76, '14.40', 20, '0.25'),
(10426, 56, '30.40', 5, '0.00'),
(10426, 64, '26.60', 7, '0.00'),
(10427, 14, '18.60', 35, '0.00'),
(10428, 46, '9.60', 20, '0.00'),
(10429, 50, '13.00', 40, '0.00'),
(10429, 63, '35.10', 35, '0.25'),
(10430, 17, '31.20', 45, '0.20'),
(10430, 21, '8.00', 50, '0.00'),
(10430, 56, '30.40', 30, '0.00'),
(10430, 59, '44.00', 70, '0.20'),
(10431, 17, '31.20', 50, '0.25'),
(10431, 40, '14.70', 50, '0.25'),
(10431, 47, '7.60', 30, '0.25'),
(10432, 26, '24.90', 10, '0.00'),
(10432, 54, '5.90', 40, '0.00'),
(10433, 56, '30.40', 28, '0.00'),
(10434, 11, '16.80', 6, '0.00'),
(10434, 76, '14.40', 18, '0.15'),
(10435, 2, '15.20', 10, '0.00'),
(10435, 22, '16.80', 12, '0.00'),
(10435, 72, '27.80', 10, '0.00'),
(10436, 46, '9.60', 5, '0.00'),
(10436, 56, '30.40', 40, '0.10'),
(10436, 64, '26.60', 30, '0.10'),
(10436, 75, '6.20', 24, '0.10'),
(10437, 53, '26.20', 15, '0.00'),
(10438, 19, '7.30', 15, '0.20'),
(10438, 34, '11.20', 20, '0.20'),
(10438, 57, '15.60', 15, '0.20'),
(10439, 12, '30.40', 15, '0.00'),
(10439, 16, '13.90', 16, '0.00'),
(10439, 64, '26.60', 6, '0.00'),
(10439, 74, '8.00', 30, '0.00'),
(10440, 2, '15.20', 45, '0.15'),
(10440, 16, '13.90', 49, '0.15'),
(10440, 29, '99.00', 24, '0.15'),
(10440, 61, '22.80', 90, '0.15'),
(10441, 27, '35.10', 50, '0.00'),
(10442, 11, '16.80', 30, '0.00'),
(10442, 54, '5.90', 80, '0.00'),
(10442, 66, '13.60', 60, '0.00'),
(10443, 11, '16.80', 6, '0.20'),
(10443, 28, '36.40', 12, '0.00'),
(10444, 17, '31.20', 10, '0.00'),
(10444, 26, '24.90', 15, '0.00'),
(10444, 35, '14.40', 8, '0.00'),
(10444, 41, '7.70', 30, '0.00'),
(10445, 39, '14.40', 6, '0.00'),
(10445, 54, '5.90', 15, '0.00'),
(10446, 19, '7.30', 12, '0.10'),
(10446, 24, '3.60', 20, '0.10'),
(10446, 31, '10.00', 3, '0.10'),
(10446, 52, '5.60', 15, '0.10'),
(10447, 19, '7.30', 40, '0.00'),
(10447, 65, '16.80', 35, '0.00'),
(10447, 71, '17.20', 2, '0.00'),
(10448, 26, '24.90', 6, '0.00'),
(10448, 40, '14.70', 20, '0.00'),
(10449, 10, '24.80', 14, '0.00'),
(10449, 52, '5.60', 20, '0.00'),
(10449, 62, '39.40', 35, '0.00'),
(10450, 10, '24.80', 20, '0.20'),
(10450, 54, '5.90', 6, '0.20'),
(10451, 55, '19.20', 120, '0.10'),
(10451, 64, '26.60', 35, '0.10'),
(10451, 65, '16.80', 28, '0.10'),
(10451, 77, '10.40', 55, '0.10'),
(10452, 28, '36.40', 15, '0.00'),
(10452, 44, '15.50', 100, '0.05'),
(10453, 48, '10.20', 15, '0.10'),
(10453, 70, '12.00', 25, '0.10'),
(10454, 16, '13.90', 20, '0.20'),
(10454, 33, '2.00', 20, '0.20'),
(10454, 46, '9.60', 10, '0.20'),
(10455, 39, '14.40', 20, '0.00'),
(10455, 53, '26.20', 50, '0.00'),
(10455, 61, '22.80', 25, '0.00'),
(10455, 71, '17.20', 30, '0.00'),
(10456, 21, '8.00', 40, '0.15'),
(10456, 49, '16.00', 21, '0.15'),
(10457, 59, '44.00', 36, '0.00'),
(10458, 26, '24.90', 30, '0.00'),
(10458, 28, '36.40', 30, '0.00'),
(10458, 43, '36.80', 20, '0.00'),
(10458, 56, '30.40', 15, '0.00'),
(10458, 71, '17.20', 50, '0.00'),
(10459, 7, '24.00', 16, '0.05'),
(10459, 46, '9.60', 20, '0.05'),
(10459, 72, '27.80', 40, '0.00'),
(10460, 68, '10.00', 21, '0.25'),
(10460, 75, '6.20', 4, '0.25'),
(10461, 21, '8.00', 40, '0.25'),
(10461, 30, '20.70', 28, '0.25'),
(10461, 55, '19.20', 60, '0.25'),
(10462, 13, '4.80', 1, '0.00'),
(10462, 23, '7.20', 21, '0.00'),
(10463, 19, '7.30', 21, '0.00'),
(10463, 42, '11.20', 50, '0.00'),
(10464, 4, '17.60', 16, '0.20'),
(10464, 43, '36.80', 3, '0.00'),
(10464, 56, '30.40', 30, '0.20'),
(10464, 60, '27.20', 20, '0.00'),
(10465, 24, '3.60', 25, '0.00'),
(10465, 29, '99.00', 18, '0.10'),
(10465, 40, '14.70', 20, '0.00'),
(10465, 45, '7.60', 30, '0.10'),
(10465, 50, '13.00', 25, '0.00'),
(10466, 11, '16.80', 10, '0.00'),
(10466, 46, '9.60', 5, '0.00'),
(10467, 24, '3.60', 28, '0.00'),
(10467, 25, '11.20', 12, '0.00'),
(10468, 30, '20.70', 8, '0.00'),
(10468, 43, '36.80', 15, '0.00'),
(10469, 2, '15.20', 40, '0.15'),
(10469, 16, '13.90', 35, '0.15'),
(10469, 44, '15.50', 2, '0.15'),
(10470, 18, '50.00', 30, '0.00'),
(10470, 23, '7.20', 15, '0.00'),
(10470, 64, '26.60', 8, '0.00'),
(10471, 7, '24.00', 30, '0.00'),
(10471, 56, '30.40', 20, '0.00'),
(10472, 24, '3.60', 80, '0.05'),
(10472, 51, '42.40', 18, '0.00'),
(10473, 33, '2.00', 12, '0.00'),
(10473, 71, '17.20', 12, '0.00'),
(10474, 14, '18.60', 12, '0.00'),
(10474, 28, '36.40', 18, '0.00'),
(10474, 40, '14.70', 21, '0.00'),
(10474, 75, '6.20', 10, '0.00'),
(10475, 31, '10.00', 35, '0.15'),
(10475, 66, '13.60', 60, '0.15'),
(10475, 76, '14.40', 42, '0.15'),
(10476, 55, '19.20', 2, '0.05'),
(10476, 70, '12.00', 12, '0.00'),
(10477, 1, '14.40', 15, '0.00'),
(10477, 21, '8.00', 21, '0.25'),
(10477, 39, '14.40', 20, '0.25'),
(10478, 10, '24.80', 20, '0.05'),
(10479, 38, '210.80', 30, '0.00'),
(10479, 53, '26.20', 28, '0.00'),
(10479, 59, '44.00', 60, '0.00'),
(10479, 64, '26.60', 30, '0.00'),
(10480, 47, '7.60', 30, '0.00'),
(10480, 59, '44.00', 12, '0.00'),
(10481, 49, '16.00', 24, '0.00'),
(10481, 60, '27.20', 40, '0.00'),
(10482, 40, '14.70', 10, '0.00'),
(10483, 34, '11.20', 35, '0.05'),
(10483, 77, '10.40', 30, '0.05'),
(10484, 21, '8.00', 14, '0.00'),
(10484, 40, '14.70', 10, '0.00'),
(10484, 51, '42.40', 3, '0.00'),
(10485, 2, '15.20', 20, '0.10'),
(10485, 3, '8.00', 20, '0.10'),
(10485, 55, '19.20', 30, '0.10'),
(10485, 70, '12.00', 60, '0.10'),
(10486, 11, '16.80', 5, '0.00'),
(10486, 51, '42.40', 25, '0.00'),
(10486, 74, '8.00', 16, '0.00'),
(10487, 19, '7.30', 5, '0.00'),
(10487, 26, '24.90', 30, '0.00'),
(10487, 54, '5.90', 24, '0.25'),
(10488, 59, '44.00', 30, '0.00'),
(10488, 73, '12.00', 20, '0.20'),
(10489, 11, '16.80', 15, '0.25'),
(10489, 16, '13.90', 18, '0.00'),
(10490, 59, '44.00', 60, '0.00'),
(10490, 68, '10.00', 30, '0.00'),
(10490, 75, '6.20', 36, '0.00'),
(10491, 44, '15.50', 15, '0.15'),
(10491, 77, '10.40', 7, '0.15'),
(10492, 25, '11.20', 60, '0.05'),
(10492, 42, '11.20', 20, '0.05'),
(10493, 65, '16.80', 15, '0.10'),
(10493, 66, '13.60', 10, '0.10'),
(10493, 69, '28.80', 10, '0.10'),
(10494, 56, '30.40', 30, '0.00'),
(10495, 23, '7.20', 10, '0.00'),
(10495, 41, '7.70', 20, '0.00'),
(10495, 77, '10.40', 5, '0.00'),
(10496, 31, '10.00', 20, '0.05'),
(10497, 56, '30.40', 14, '0.00'),
(10497, 72, '27.80', 25, '0.00'),
(10497, 77, '10.40', 25, '0.00'),
(10498, 24, '4.50', 14, '0.00'),
(10498, 40, '18.40', 5, '0.00'),
(10498, 42, '14.00', 30, '0.00'),
(10499, 28, '45.60', 20, '0.00'),
(10499, 49, '20.00', 25, '0.00'),
(10500, 15, '15.50', 12, '0.05'),
(10500, 28, '45.60', 8, '0.05'),
(10501, 54, '7.45', 20, '0.00'),
(10502, 45, '9.50', 21, '0.00'),
(10502, 53, '32.80', 6, '0.00'),
(10502, 67, '14.00', 30, '0.00'),
(10503, 14, '23.25', 70, '0.00'),
(10503, 65, '21.05', 20, '0.00'),
(10504, 2, '19.00', 12, '0.00'),
(10504, 21, '10.00', 12, '0.00'),
(10504, 53, '32.80', 10, '0.00'),
(10504, 61, '28.50', 25, '0.00'),
(10505, 62, '49.30', 3, '0.00'),
(10506, 25, '14.00', 18, '0.10'),
(10506, 70, '15.00', 14, '0.10'),
(10507, 43, '46.00', 15, '0.15'),
(10507, 48, '12.75', 15, '0.15'),
(10508, 13, '6.00', 10, '0.00'),
(10508, 39, '18.00', 10, '0.00'),
(10509, 28, '45.60', 3, '0.00'),
(10510, 29, '123.79', 36, '0.00'),
(10510, 75, '7.75', 36, '0.10'),
(10511, 4, '22.00', 50, '0.15'),
(10511, 7, '30.00', 50, '0.15'),
(10511, 8, '40.00', 10, '0.15'),
(10512, 24, '4.50', 10, '0.15'),
(10512, 46, '12.00', 9, '0.15'),
(10512, 47, '9.50', 6, '0.15'),
(10512, 60, '34.00', 12, '0.15'),
(10513, 21, '10.00', 40, '0.20'),
(10513, 32, '32.00', 50, '0.20'),
(10513, 61, '28.50', 15, '0.20'),
(10514, 20, '81.00', 39, '0.00'),
(10514, 28, '45.60', 35, '0.00'),
(10514, 56, '38.00', 70, '0.00'),
(10514, 65, '21.05', 39, '0.00'),
(10514, 75, '7.75', 50, '0.00'),
(10515, 9, '97.00', 16, '0.15'),
(10515, 16, '17.45', 50, '0.00'),
(10515, 27, '43.90', 120, '0.00'),
(10515, 33, '2.50', 16, '0.15'),
(10515, 60, '34.00', 84, '0.15'),
(10516, 18, '62.50', 25, '0.10'),
(10516, 41, '9.65', 80, '0.10'),
(10516, 42, '14.00', 20, '0.00'),
(10517, 52, '7.00', 6, '0.00'),
(10517, 59, '55.00', 4, '0.00'),
(10517, 70, '15.00', 6, '0.00'),
(10518, 24, '4.50', 5, '0.00'),
(10518, 38, '263.50', 15, '0.00'),
(10518, 44, '19.45', 9, '0.00'),
(10519, 10, '31.00', 16, '0.05'),
(10519, 56, '38.00', 40, '0.00'),
(10519, 60, '34.00', 10, '0.05'),
(10520, 24, '4.50', 8, '0.00'),
(10520, 53, '32.80', 5, '0.00'),
(10521, 35, '18.00', 3, '0.00'),
(10521, 41, '9.65', 10, '0.00'),
(10521, 68, '12.50', 6, '0.00'),
(10522, 1, '18.00', 40, '0.20'),
(10522, 8, '40.00', 24, '0.00'),
(10522, 30, '25.89', 20, '0.20'),
(10522, 40, '18.40', 25, '0.20'),
(10523, 17, '39.00', 25, '0.10'),
(10523, 20, '81.00', 15, '0.10'),
(10523, 37, '26.00', 18, '0.10'),
(10523, 41, '9.65', 6, '0.10'),
(10524, 10, '31.00', 2, '0.00'),
(10524, 30, '25.89', 10, '0.00'),
(10524, 43, '46.00', 60, '0.00'),
(10524, 54, '7.45', 15, '0.00'),
(10525, 36, '19.00', 30, '0.00'),
(10525, 40, '18.40', 15, '0.10'),
(10526, 1, '18.00', 8, '0.15'),
(10526, 13, '6.00', 10, '0.00'),
(10526, 56, '38.00', 30, '0.15'),
(10527, 4, '22.00', 50, '0.10'),
(10527, 36, '19.00', 30, '0.10'),
(10528, 11, '21.00', 3, '0.00'),
(10528, 33, '2.50', 8, '0.20'),
(10528, 72, '34.80', 9, '0.00'),
(10529, 55, '24.00', 14, '0.00'),
(10529, 68, '12.50', 20, '0.00'),
(10529, 69, '36.00', 10, '0.00'),
(10530, 17, '39.00', 40, '0.00'),
(10530, 43, '46.00', 25, '0.00'),
(10530, 61, '28.50', 20, '0.00'),
(10530, 76, '18.00', 50, '0.00'),
(10531, 59, '55.00', 2, '0.00'),
(10532, 30, '25.89', 15, '0.00'),
(10532, 66, '17.00', 24, '0.00'),
(10533, 4, '22.00', 50, '0.05'),
(10533, 72, '34.80', 24, '0.00'),
(10533, 73, '15.00', 24, '0.05'),
(10534, 30, '25.89', 10, '0.00'),
(10534, 40, '18.40', 10, '0.20'),
(10534, 54, '7.45', 10, '0.20'),
(10535, 11, '21.00', 50, '0.10'),
(10535, 40, '18.40', 10, '0.10'),
(10535, 57, '19.50', 5, '0.10'),
(10535, 59, '55.00', 15, '0.10'),
(10536, 12, '38.00', 15, '0.25'),
(10536, 31, '12.50', 20, '0.00'),
(10536, 33, '2.50', 30, '0.00'),
(10536, 60, '34.00', 35, '0.25'),
(10537, 31, '12.50', 30, '0.00'),
(10537, 51, '53.00', 6, '0.00'),
(10537, 58, '13.25', 20, '0.00'),
(10537, 72, '34.80', 21, '0.00'),
(10537, 73, '15.00', 9, '0.00'),
(10538, 70, '15.00', 7, '0.00'),
(10538, 72, '34.80', 1, '0.00'),
(10539, 13, '6.00', 8, '0.00'),
(10539, 21, '10.00', 15, '0.00'),
(10539, 33, '2.50', 15, '0.00'),
(10539, 49, '20.00', 6, '0.00'),
(10540, 3, '10.00', 60, '0.00'),
(10540, 26, '31.23', 40, '0.00'),
(10540, 38, '263.50', 30, '0.00'),
(10540, 68, '12.50', 35, '0.00'),
(10541, 24, '4.50', 35, '0.10'),
(10541, 38, '263.50', 4, '0.10'),
(10541, 65, '21.05', 36, '0.10'),
(10541, 71, '21.50', 9, '0.10'),
(10542, 11, '21.00', 15, '0.05'),
(10542, 54, '7.45', 24, '0.05'),
(10543, 12, '38.00', 30, '0.15'),
(10543, 23, '9.00', 70, '0.15'),
(10544, 28, '45.60', 7, '0.00'),
(10544, 67, '14.00', 7, '0.00'),
(10545, 11, '21.00', 10, '0.00'),
(10546, 7, '30.00', 10, '0.00'),
(10546, 35, '18.00', 30, '0.00'),
(10546, 62, '49.30', 40, '0.00'),
(10547, 32, '32.00', 24, '0.15'),
(10547, 36, '19.00', 60, '0.00'),
(10548, 34, '14.00', 10, '0.25'),
(10548, 41, '9.65', 14, '0.00'),
(10549, 31, '12.50', 55, '0.15'),
(10549, 45, '9.50', 100, '0.15'),
(10549, 51, '53.00', 48, '0.15'),
(10550, 17, '39.00', 8, '0.10'),
(10550, 19, '9.20', 10, '0.00'),
(10550, 21, '10.00', 6, '0.10'),
(10550, 61, '28.50', 10, '0.10'),
(10551, 16, '17.45', 40, '0.15'),
(10551, 35, '18.00', 20, '0.15'),
(10551, 44, '19.45', 40, '0.00'),
(10552, 69, '36.00', 18, '0.00'),
(10552, 75, '7.75', 30, '0.00'),
(10553, 11, '21.00', 15, '0.00'),
(10553, 16, '17.45', 14, '0.00'),
(10553, 22, '21.00', 24, '0.00'),
(10553, 31, '12.50', 30, '0.00'),
(10553, 35, '18.00', 6, '0.00'),
(10554, 16, '17.45', 30, '0.05'),
(10554, 23, '9.00', 20, '0.05'),
(10554, 62, '49.30', 20, '0.05'),
(10554, 77, '13.00', 10, '0.05'),
(10555, 14, '23.25', 30, '0.20'),
(10555, 19, '9.20', 35, '0.20'),
(10555, 24, '4.50', 18, '0.20'),
(10555, 51, '53.00', 20, '0.20'),
(10555, 56, '38.00', 40, '0.20'),
(10556, 72, '34.80', 24, '0.00'),
(10557, 64, '33.25', 30, '0.00'),
(10557, 75, '7.75', 20, '0.00'),
(10558, 47, '9.50', 25, '0.00'),
(10558, 51, '53.00', 20, '0.00'),
(10558, 52, '7.00', 30, '0.00'),
(10558, 53, '32.80', 18, '0.00'),
(10558, 73, '15.00', 3, '0.00'),
(10559, 41, '9.65', 12, '0.05'),
(10559, 55, '24.00', 18, '0.05'),
(10560, 30, '25.89', 20, '0.00'),
(10560, 62, '49.30', 15, '0.25'),
(10561, 44, '19.45', 10, '0.00'),
(10561, 51, '53.00', 50, '0.00'),
(10562, 33, '2.50', 20, '0.10'),
(10562, 62, '49.30', 10, '0.10'),
(10563, 36, '19.00', 25, '0.00'),
(10563, 52, '7.00', 70, '0.00'),
(10564, 17, '39.00', 16, '0.05'),
(10564, 31, '12.50', 6, '0.05'),
(10564, 55, '24.00', 25, '0.05'),
(10565, 24, '4.50', 25, '0.10'),
(10565, 64, '33.25', 18, '0.10'),
(10566, 11, '21.00', 35, '0.15'),
(10566, 18, '62.50', 18, '0.15'),
(10566, 76, '18.00', 10, '0.00'),
(10567, 31, '12.50', 60, '0.20'),
(10567, 51, '53.00', 3, '0.00'),
(10567, 59, '55.00', 40, '0.20'),
(10568, 10, '31.00', 5, '0.00'),
(10569, 31, '12.50', 35, '0.20'),
(10569, 76, '18.00', 30, '0.00'),
(10570, 11, '21.00', 15, '0.05'),
(10570, 56, '38.00', 60, '0.05'),
(10571, 14, '23.25', 11, '0.15'),
(10571, 42, '14.00', 28, '0.15'),
(10572, 16, '17.45', 12, '0.10'),
(10572, 32, '32.00', 10, '0.10'),
(10572, 40, '18.40', 50, '0.00'),
(10572, 75, '7.75', 15, '0.10'),
(10573, 17, '39.00', 18, '0.00'),
(10573, 34, '14.00', 40, '0.00'),
(10573, 53, '32.80', 25, '0.00'),
(10574, 33, '2.50', 14, '0.00'),
(10574, 40, '18.40', 2, '0.00'),
(10574, 62, '49.30', 10, '0.00'),
(10574, 64, '33.25', 6, '0.00'),
(10575, 59, '55.00', 12, '0.00'),
(10575, 63, '43.90', 6, '0.00'),
(10575, 72, '34.80', 30, '0.00'),
(10575, 76, '18.00', 10, '0.00'),
(10576, 1, '18.00', 10, '0.00'),
(10576, 31, '12.50', 20, '0.00'),
(10576, 44, '19.45', 21, '0.00'),
(10577, 39, '18.00', 10, '0.00'),
(10577, 75, '7.75', 20, '0.00'),
(10577, 77, '13.00', 18, '0.00'),
(10578, 35, '18.00', 20, '0.00'),
(10578, 57, '19.50', 6, '0.00'),
(10579, 15, '15.50', 10, '0.00'),
(10579, 75, '7.75', 21, '0.00'),
(10580, 14, '23.25', 15, '0.05'),
(10580, 41, '9.65', 9, '0.05'),
(10580, 65, '21.05', 30, '0.05'),
(10581, 75, '7.75', 50, '0.20'),
(10582, 57, '19.50', 4, '0.00'),
(10582, 76, '18.00', 14, '0.00'),
(10583, 29, '123.79', 10, '0.00'),
(10583, 60, '34.00', 24, '0.15'),
(10583, 69, '36.00', 10, '0.15'),
(10584, 31, '12.50', 50, '0.05'),
(10585, 47, '9.50', 15, '0.00'),
(10586, 52, '7.00', 4, '0.15'),
(10587, 26, '31.23', 6, '0.00'),
(10587, 35, '18.00', 20, '0.00'),
(10587, 77, '13.00', 20, '0.00'),
(10588, 18, '62.50', 40, '0.20'),
(10588, 42, '14.00', 100, '0.20'),
(10589, 35, '18.00', 4, '0.00'),
(10590, 1, '18.00', 20, '0.00'),
(10590, 77, '13.00', 60, '0.05'),
(10591, 3, '10.00', 14, '0.00'),
(10591, 7, '30.00', 10, '0.00'),
(10591, 54, '7.45', 50, '0.00'),
(10592, 15, '15.50', 25, '0.05'),
(10592, 26, '31.23', 5, '0.05'),
(10593, 20, '81.00', 21, '0.20'),
(10593, 69, '36.00', 20, '0.20'),
(10593, 76, '18.00', 4, '0.20'),
(10594, 52, '7.00', 24, '0.00'),
(10594, 58, '13.25', 30, '0.00'),
(10595, 35, '18.00', 30, '0.25'),
(10595, 61, '28.50', 120, '0.25'),
(10595, 69, '36.00', 65, '0.25'),
(10596, 56, '38.00', 5, '0.20'),
(10596, 63, '43.90', 24, '0.20'),
(10596, 75, '7.75', 30, '0.20'),
(10597, 24, '4.50', 35, '0.20'),
(10597, 57, '19.50', 20, '0.00'),
(10597, 65, '21.05', 12, '0.20'),
(10598, 27, '43.90', 50, '0.00'),
(10598, 71, '21.50', 9, '0.00'),
(10599, 62, '49.30', 10, '0.00'),
(10600, 54, '7.45', 4, '0.00'),
(10600, 73, '15.00', 30, '0.00'),
(10601, 13, '6.00', 60, '0.00'),
(10601, 59, '55.00', 35, '0.00'),
(10602, 77, '13.00', 5, '0.25'),
(10603, 22, '21.00', 48, '0.00'),
(10603, 49, '20.00', 25, '0.05'),
(10604, 48, '12.75', 6, '0.10'),
(10604, 76, '18.00', 10, '0.10'),
(10605, 16, '17.45', 30, '0.05'),
(10605, 59, '55.00', 20, '0.05'),
(10605, 60, '34.00', 70, '0.05'),
(10605, 71, '21.50', 15, '0.05'),
(10606, 4, '22.00', 20, '0.20'),
(10606, 55, '24.00', 20, '0.20'),
(10606, 62, '49.30', 10, '0.20'),
(10607, 7, '30.00', 45, '0.00'),
(10607, 17, '39.00', 100, '0.00'),
(10607, 33, '2.50', 14, '0.00'),
(10607, 40, '18.40', 42, '0.00'),
(10607, 72, '34.80', 12, '0.00'),
(10608, 56, '38.00', 28, '0.00'),
(10609, 1, '18.00', 3, '0.00'),
(10609, 10, '31.00', 10, '0.00'),
(10609, 21, '10.00', 6, '0.00'),
(10610, 36, '19.00', 21, '0.25'),
(10611, 1, '18.00', 6, '0.00'),
(10611, 2, '19.00', 10, '0.00'),
(10611, 60, '34.00', 15, '0.00'),
(10612, 10, '31.00', 70, '0.00'),
(10612, 36, '19.00', 55, '0.00'),
(10612, 49, '20.00', 18, '0.00'),
(10612, 60, '34.00', 40, '0.00'),
(10612, 76, '18.00', 80, '0.00'),
(10613, 13, '6.00', 8, '0.10'),
(10613, 75, '7.75', 40, '0.00'),
(10614, 11, '21.00', 14, '0.00'),
(10614, 21, '10.00', 8, '0.00'),
(10614, 39, '18.00', 5, '0.00'),
(10615, 55, '24.00', 5, '0.00'),
(10616, 38, '263.50', 15, '0.05'),
(10616, 56, '38.00', 14, '0.00'),
(10616, 70, '15.00', 15, '0.05'),
(10616, 71, '21.50', 15, '0.05'),
(10617, 59, '55.00', 30, '0.15'),
(10618, 6, '25.00', 70, '0.00'),
(10618, 56, '38.00', 20, '0.00'),
(10618, 68, '12.50', 15, '0.00'),
(10619, 21, '10.00', 42, '0.00'),
(10619, 22, '21.00', 40, '0.00'),
(10620, 24, '4.50', 5, '0.00'),
(10620, 52, '7.00', 5, '0.00'),
(10621, 19, '9.20', 5, '0.00'),
(10621, 23, '9.00', 10, '0.00'),
(10621, 70, '15.00', 20, '0.00'),
(10621, 71, '21.50', 15, '0.00'),
(10622, 2, '19.00', 20, '0.00'),
(10622, 68, '12.50', 18, '0.20'),
(10623, 14, '23.25', 21, '0.00'),
(10623, 19, '9.20', 15, '0.10'),
(10623, 21, '10.00', 25, '0.10'),
(10623, 24, '4.50', 3, '0.00'),
(10623, 35, '18.00', 30, '0.10'),
(10624, 28, '45.60', 10, '0.00'),
(10624, 29, '123.79', 6, '0.00'),
(10624, 44, '19.45', 10, '0.00'),
(10625, 14, '23.25', 3, '0.00'),
(10625, 42, '14.00', 5, '0.00'),
(10625, 60, '34.00', 10, '0.00'),
(10626, 53, '32.80', 12, '0.00'),
(10626, 60, '34.00', 20, '0.00'),
(10626, 71, '21.50', 20, '0.00'),
(10627, 62, '49.30', 15, '0.00'),
(10627, 73, '15.00', 35, '0.15'),
(10628, 1, '18.00', 25, '0.00'),
(10629, 29, '123.79', 20, '0.00'),
(10629, 64, '33.25', 9, '0.00'),
(10630, 55, '24.00', 12, '0.05'),
(10630, 76, '18.00', 35, '0.00'),
(10631, 75, '7.75', 8, '0.10'),
(10632, 2, '19.00', 30, '0.05'),
(10632, 33, '2.50', 20, '0.05'),
(10633, 12, '38.00', 36, '0.15'),
(10633, 13, '6.00', 13, '0.15'),
(10633, 26, '31.23', 35, '0.15'),
(10633, 62, '49.30', 80, '0.15'),
(10634, 7, '30.00', 35, '0.00'),
(10634, 18, '62.50', 50, '0.00'),
(10634, 51, '53.00', 15, '0.00'),
(10634, 75, '7.75', 2, '0.00'),
(10635, 4, '22.00', 10, '0.10'),
(10635, 5, '21.35', 15, '0.10'),
(10635, 22, '21.00', 40, '0.00'),
(10636, 4, '22.00', 25, '0.00'),
(10636, 58, '13.25', 6, '0.00'),
(10637, 11, '21.00', 10, '0.00'),
(10637, 50, '16.25', 25, '0.05'),
(10637, 56, '38.00', 60, '0.05'),
(10638, 45, '9.50', 20, '0.00'),
(10638, 65, '21.05', 21, '0.00'),
(10638, 72, '34.80', 60, '0.00'),
(10639, 18, '62.50', 8, '0.00'),
(10640, 69, '36.00', 20, '0.25'),
(10640, 70, '15.00', 15, '0.25'),
(10641, 2, '19.00', 50, '0.00'),
(10641, 40, '18.40', 60, '0.00'),
(10642, 21, '10.00', 30, '0.20'),
(10642, 61, '28.50', 20, '0.20'),
(10643, 28, '45.60', 15, '0.25'),
(10643, 39, '18.00', 21, '0.25'),
(10643, 46, '12.00', 2, '0.25'),
(10644, 18, '62.50', 4, '0.10'),
(10644, 43, '46.00', 20, '0.00'),
(10644, 46, '12.00', 21, '0.10'),
(10645, 18, '62.50', 20, '0.00'),
(10645, 36, '19.00', 15, '0.00'),
(10646, 1, '18.00', 15, '0.25'),
(10646, 10, '31.00', 18, '0.25'),
(10646, 71, '21.50', 30, '0.25'),
(10646, 77, '13.00', 35, '0.25'),
(10647, 19, '9.20', 30, '0.00'),
(10647, 39, '18.00', 20, '0.00'),
(10648, 22, '21.00', 15, '0.00'),
(10648, 24, '4.50', 15, '0.15'),
(10649, 28, '45.60', 20, '0.00'),
(10649, 72, '34.80', 15, '0.00'),
(10650, 30, '25.89', 30, '0.00'),
(10650, 53, '32.80', 25, '0.05'),
(10650, 54, '7.45', 30, '0.00'),
(10651, 19, '9.20', 12, '0.25'),
(10651, 22, '21.00', 20, '0.25'),
(10652, 30, '25.89', 2, '0.25'),
(10652, 42, '14.00', 20, '0.00'),
(10653, 16, '17.45', 30, '0.10'),
(10653, 60, '34.00', 20, '0.10'),
(10654, 4, '22.00', 12, '0.10'),
(10654, 39, '18.00', 20, '0.10'),
(10654, 54, '7.45', 6, '0.10'),
(10655, 41, '9.65', 20, '0.20'),
(10656, 14, '23.25', 3, '0.10'),
(10656, 44, '19.45', 28, '0.10'),
(10656, 47, '9.50', 6, '0.10'),
(10657, 15, '15.50', 50, '0.00'),
(10657, 41, '9.65', 24, '0.00'),
(10657, 46, '12.00', 45, '0.00'),
(10657, 47, '9.50', 10, '0.00'),
(10657, 56, '38.00', 45, '0.00'),
(10657, 60, '34.00', 30, '0.00'),
(10658, 21, '10.00', 60, '0.00'),
(10658, 40, '18.40', 70, '0.05'),
(10658, 60, '34.00', 55, '0.05'),
(10658, 77, '13.00', 70, '0.05'),
(10659, 31, '12.50', 20, '0.05'),
(10659, 40, '18.40', 24, '0.05'),
(10659, 70, '15.00', 40, '0.05'),
(10660, 20, '81.00', 21, '0.00'),
(10661, 39, '18.00', 3, '0.20'),
(10661, 58, '13.25', 49, '0.20'),
(10662, 68, '12.50', 10, '0.00'),
(10663, 40, '18.40', 30, '0.05'),
(10663, 42, '14.00', 30, '0.05'),
(10663, 51, '53.00', 20, '0.05'),
(10664, 10, '31.00', 24, '0.15'),
(10664, 56, '38.00', 12, '0.15'),
(10664, 65, '21.05', 15, '0.15'),
(10665, 51, '53.00', 20, '0.00'),
(10665, 59, '55.00', 1, '0.00'),
(10665, 76, '18.00', 10, '0.00'),
(10666, 29, '123.79', 36, '0.00'),
(10666, 65, '21.05', 10, '0.00'),
(10667, 69, '36.00', 45, '0.20'),
(10667, 71, '21.50', 14, '0.20'),
(10668, 31, '12.50', 8, '0.10'),
(10668, 55, '24.00', 4, '0.10'),
(10668, 64, '33.25', 15, '0.10'),
(10669, 36, '19.00', 30, '0.00'),
(10670, 23, '9.00', 32, '0.00'),
(10670, 46, '12.00', 60, '0.00'),
(10670, 67, '14.00', 25, '0.00'),
(10670, 73, '15.00', 50, '0.00'),
(10670, 75, '7.75', 25, '0.00'),
(10671, 16, '17.45', 10, '0.00'),
(10671, 62, '49.30', 10, '0.00'),
(10671, 65, '21.05', 12, '0.00'),
(10672, 38, '263.50', 15, '0.10'),
(10672, 71, '21.50', 12, '0.00'),
(10673, 16, '17.45', 3, '0.00'),
(10673, 42, '14.00', 6, '0.00'),
(10673, 43, '46.00', 6, '0.00'),
(10674, 23, '9.00', 5, '0.00'),
(10675, 14, '23.25', 30, '0.00'),
(10675, 53, '32.80', 10, '0.00'),
(10675, 58, '13.25', 30, '0.00'),
(10676, 10, '31.00', 2, '0.00'),
(10676, 19, '9.20', 7, '0.00'),
(10676, 44, '19.45', 21, '0.00'),
(10677, 26, '31.23', 30, '0.15'),
(10677, 33, '2.50', 8, '0.15'),
(10678, 12, '38.00', 100, '0.00'),
(10678, 33, '2.50', 30, '0.00'),
(10678, 41, '9.65', 120, '0.00'),
(10678, 54, '7.45', 30, '0.00'),
(10679, 59, '55.00', 12, '0.00'),
(10680, 16, '17.45', 50, '0.25'),
(10680, 31, '12.50', 20, '0.25'),
(10680, 42, '14.00', 40, '0.25'),
(10681, 19, '9.20', 30, '0.10'),
(10681, 21, '10.00', 12, '0.10'),
(10681, 64, '33.25', 28, '0.00'),
(10682, 33, '2.50', 30, '0.00'),
(10682, 66, '17.00', 4, '0.00'),
(10682, 75, '7.75', 30, '0.00'),
(10683, 52, '7.00', 9, '0.00'),
(10684, 40, '18.40', 20, '0.00'),
(10684, 47, '9.50', 40, '0.00'),
(10684, 60, '34.00', 30, '0.00'),
(10685, 10, '31.00', 20, '0.00'),
(10685, 41, '9.65', 4, '0.00'),
(10685, 47, '9.50', 15, '0.00'),
(10686, 17, '39.00', 30, '0.20'),
(10686, 26, '31.23', 15, '0.00'),
(10687, 9, '97.00', 50, '0.25'),
(10687, 29, '123.79', 10, '0.00'),
(10687, 36, '19.00', 6, '0.25'),
(10688, 10, '31.00', 18, '0.10'),
(10688, 28, '45.60', 60, '0.10'),
(10688, 34, '14.00', 14, '0.00'),
(10689, 1, '18.00', 35, '0.25'),
(10690, 56, '38.00', 20, '0.25'),
(10690, 77, '13.00', 30, '0.25'),
(10691, 1, '18.00', 30, '0.00'),
(10691, 29, '123.79', 40, '0.00'),
(10691, 43, '46.00', 40, '0.00'),
(10691, 44, '19.45', 24, '0.00'),
(10691, 62, '49.30', 48, '0.00'),
(10692, 63, '43.90', 20, '0.00'),
(10693, 9, '97.00', 6, '0.00'),
(10693, 54, '7.45', 60, '0.15'),
(10693, 69, '36.00', 30, '0.15'),
(10693, 73, '15.00', 15, '0.15'),
(10694, 7, '30.00', 90, '0.00'),
(10694, 59, '55.00', 25, '0.00'),
(10694, 70, '15.00', 50, '0.00'),
(10695, 8, '40.00', 10, '0.00'),
(10695, 12, '38.00', 4, '0.00'),
(10695, 24, '4.50', 20, '0.00'),
(10696, 17, '39.00', 20, '0.00'),
(10696, 46, '12.00', 18, '0.00'),
(10697, 19, '9.20', 7, '0.25'),
(10697, 35, '18.00', 9, '0.25'),
(10697, 58, '13.25', 30, '0.25'),
(10697, 70, '15.00', 30, '0.25'),
(10698, 11, '21.00', 15, '0.00'),
(10698, 17, '39.00', 8, '0.05'),
(10698, 29, '123.79', 12, '0.05'),
(10698, 65, '21.05', 65, '0.05'),
(10698, 70, '15.00', 8, '0.05'),
(10699, 47, '9.50', 12, '0.00'),
(10700, 1, '18.00', 5, '0.20'),
(10700, 34, '14.00', 12, '0.20'),
(10700, 68, '12.50', 40, '0.20'),
(10700, 71, '21.50', 60, '0.20'),
(10701, 59, '55.00', 42, '0.15'),
(10701, 71, '21.50', 20, '0.15'),
(10701, 76, '18.00', 35, '0.15'),
(10702, 2, '19.00', 1, '0.00'),
(10702, 3, '10.00', 6, '0.01'),
(10702, 40, '18.40', 1, '0.00'),
(10702, 76, '18.00', 15, '0.00'),
(10702, 78, '2.00', 10, '0.00'),
(10703, 2, '19.00', 5, '0.00'),
(10703, 59, '55.00', 35, '0.00'),
(10703, 73, '15.00', 35, '0.00'),
(10704, 4, '22.00', 6, '0.00'),
(10704, 24, '4.50', 35, '0.00'),
(10704, 48, '12.75', 24, '0.00'),
(10705, 31, '12.50', 20, '0.00'),
(10705, 32, '32.00', 4, '0.00'),
(10706, 16, '17.45', 20, '0.00'),
(10706, 43, '46.00', 24, '0.00'),
(10706, 59, '55.00', 8, '0.00'),
(10707, 55, '24.00', 21, '0.00'),
(10707, 57, '19.50', 40, '0.00'),
(10707, 70, '15.00', 28, '0.15'),
(10708, 5, '21.35', 4, '0.00'),
(10708, 36, '19.00', 5, '0.00'),
(10709, 8, '40.00', 40, '0.00'),
(10709, 51, '53.00', 28, '0.00'),
(10709, 60, '34.00', 10, '0.00'),
(10710, 19, '9.20', 5, '0.00'),
(10710, 47, '9.50', 5, '0.00'),
(10711, 19, '9.20', 12, '0.00'),
(10711, 41, '9.65', 42, '0.00'),
(10711, 53, '32.80', 120, '0.00'),
(10712, 53, '32.80', 3, '0.05'),
(10712, 56, '38.00', 30, '0.00'),
(10713, 10, '31.00', 18, '0.00'),
(10713, 26, '31.23', 30, '0.00'),
(10713, 45, '9.50', 110, '0.00'),
(10713, 46, '12.00', 24, '0.00'),
(10714, 2, '19.00', 30, '0.25'),
(10714, 17, '39.00', 27, '0.25'),
(10714, 47, '9.50', 50, '0.25'),
(10714, 56, '38.00', 18, '0.25'),
(10714, 58, '13.25', 12, '0.25'),
(10715, 10, '31.00', 21, '0.00'),
(10715, 71, '21.50', 30, '0.00'),
(10716, 21, '10.00', 5, '0.00'),
(10716, 51, '53.00', 7, '0.00'),
(10716, 61, '28.50', 10, '0.00'),
(10717, 21, '10.00', 32, '0.05'),
(10717, 54, '7.45', 15, '0.00'),
(10717, 69, '36.00', 25, '0.05'),
(10718, 12, '38.00', 36, '0.00'),
(10718, 16, '17.45', 20, '0.00'),
(10718, 36, '19.00', 40, '0.00'),
(10718, 62, '49.30', 20, '0.00'),
(10719, 18, '62.50', 12, '0.25'),
(10719, 30, '25.89', 3, '0.25'),
(10719, 54, '7.45', 40, '0.25'),
(10720, 35, '18.00', 21, '0.00'),
(10720, 71, '21.50', 8, '0.00'),
(10721, 44, '19.45', 50, '0.05'),
(10722, 2, '19.00', 3, '0.00'),
(10722, 31, '12.50', 50, '0.00'),
(10722, 68, '12.50', 45, '0.00'),
(10722, 75, '7.75', 42, '0.00'),
(10723, 26, '31.23', 15, '0.00'),
(10724, 10, '31.00', 16, '0.00'),
(10724, 61, '28.50', 5, '0.00'),
(10725, 41, '9.65', 12, '0.00'),
(10725, 52, '7.00', 4, '0.00'),
(10725, 55, '24.00', 6, '0.00'),
(10726, 4, '22.00', 25, '0.00'),
(10726, 11, '21.00', 5, '0.00'),
(10727, 17, '39.00', 20, '0.05'),
(10727, 56, '38.00', 10, '0.05'),
(10727, 59, '55.00', 10, '0.05'),
(10728, 30, '25.89', 15, '0.00'),
(10728, 40, '18.40', 6, '0.00'),
(10728, 55, '24.00', 12, '0.00'),
(10728, 60, '34.00', 15, '0.00'),
(10729, 1, '18.00', 50, '0.00'),
(10729, 21, '10.00', 30, '0.00'),
(10729, 50, '16.25', 40, '0.00'),
(10730, 16, '17.45', 15, '0.05'),
(10730, 31, '12.50', 3, '0.05'),
(10730, 65, '21.05', 10, '0.05'),
(10731, 21, '10.00', 40, '0.05'),
(10731, 51, '53.00', 30, '0.05'),
(10732, 76, '18.00', 20, '0.00'),
(10733, 14, '23.25', 16, '0.00'),
(10733, 28, '45.60', 20, '0.00'),
(10733, 52, '7.00', 25, '0.00'),
(10734, 6, '25.00', 30, '0.00'),
(10734, 30, '25.89', 15, '0.00'),
(10734, 76, '18.00', 20, '0.00'),
(10735, 61, '28.50', 20, '0.10'),
(10735, 77, '13.00', 2, '0.10'),
(10736, 65, '21.05', 40, '0.00'),
(10736, 75, '7.75', 20, '0.00'),
(10737, 13, '6.00', 4, '0.00'),
(10737, 41, '9.65', 12, '0.00'),
(10738, 16, '17.45', 3, '0.00'),
(10739, 36, '19.00', 6, '0.00'),
(10739, 52, '7.00', 18, '0.00'),
(10740, 28, '45.60', 5, '0.20'),
(10740, 35, '18.00', 35, '0.20'),
(10740, 45, '9.50', 40, '0.20'),
(10740, 56, '38.00', 14, '0.20'),
(10741, 2, '19.00', 15, '0.20'),
(10742, 3, '10.00', 20, '0.00'),
(10742, 60, '34.00', 50, '0.00'),
(10742, 72, '34.80', 35, '0.00'),
(10743, 46, '12.00', 28, '0.05'),
(10744, 40, '18.40', 50, '0.20'),
(10745, 18, '62.50', 24, '0.00'),
(10745, 44, '19.45', 16, '0.00'),
(10745, 59, '55.00', 45, '0.00'),
(10745, 72, '34.80', 7, '0.00'),
(10746, 13, '6.00', 6, '0.00'),
(10746, 42, '14.00', 28, '0.00'),
(10746, 62, '49.30', 9, '0.00'),
(10746, 69, '36.00', 40, '0.00'),
(10747, 31, '12.50', 8, '0.00'),
(10747, 41, '9.65', 35, '0.00'),
(10747, 63, '43.90', 9, '0.00'),
(10747, 69, '36.00', 30, '0.00'),
(10748, 23, '9.00', 44, '0.00'),
(10748, 40, '18.40', 40, '0.00'),
(10748, 56, '38.00', 28, '0.00'),
(10749, 56, '38.00', 15, '0.00'),
(10749, 59, '55.00', 6, '0.00'),
(10749, 76, '18.00', 10, '0.00'),
(10750, 14, '23.25', 5, '0.15'),
(10750, 45, '9.50', 40, '0.15'),
(10750, 59, '55.00', 25, '0.15'),
(10751, 26, '31.23', 12, '0.10'),
(10751, 30, '25.89', 30, '0.00'),
(10751, 50, '16.25', 20, '0.10'),
(10751, 73, '15.00', 15, '0.00'),
(10752, 1, '18.00', 8, '0.00'),
(10752, 69, '36.00', 3, '0.00'),
(10753, 45, '9.50', 4, '0.00'),
(10753, 74, '10.00', 5, '0.00'),
(10754, 40, '18.40', 3, '0.00'),
(10755, 47, '9.50', 30, '0.25'),
(10755, 56, '38.00', 30, '0.25'),
(10755, 57, '19.50', 14, '0.25'),
(10755, 69, '36.00', 25, '0.25'),
(10756, 18, '62.50', 21, '0.20'),
(10756, 36, '19.00', 20, '0.20'),
(10756, 68, '12.50', 6, '0.20'),
(10756, 69, '36.00', 20, '0.20'),
(10757, 34, '14.00', 30, '0.00'),
(10757, 59, '55.00', 7, '0.00'),
(10757, 62, '49.30', 30, '0.00'),
(10757, 64, '33.25', 24, '0.00'),
(10758, 26, '31.23', 20, '0.00'),
(10758, 52, '7.00', 60, '0.00'),
(10758, 70, '15.00', 40, '0.00'),
(10759, 32, '32.00', 10, '0.00'),
(10760, 25, '14.00', 12, '0.25'),
(10760, 27, '43.90', 40, '0.00'),
(10760, 43, '46.00', 30, '0.25'),
(10761, 25, '14.00', 35, '0.25'),
(10761, 75, '7.75', 18, '0.00'),
(10762, 39, '18.00', 16, '0.00'),
(10762, 47, '9.50', 30, '0.00'),
(10762, 51, '53.00', 28, '0.00'),
(10762, 56, '38.00', 60, '0.00'),
(10763, 21, '10.00', 40, '0.00'),
(10763, 22, '21.00', 6, '0.00'),
(10763, 24, '4.50', 20, '0.00'),
(10764, 3, '10.00', 20, '0.10'),
(10764, 39, '18.00', 130, '0.10'),
(10765, 65, '21.05', 80, '0.10'),
(10766, 2, '19.00', 40, '0.00'),
(10766, 7, '30.00', 35, '0.00'),
(10766, 68, '12.50', 40, '0.00'),
(10767, 42, '14.00', 2, '0.00'),
(10768, 22, '21.00', 4, '0.00'),
(10768, 31, '12.50', 50, '0.00'),
(10768, 60, '34.00', 15, '0.00'),
(10768, 71, '21.50', 12, '0.00'),
(10769, 41, '9.65', 30, '0.05'),
(10769, 52, '7.00', 15, '0.05'),
(10769, 61, '28.50', 20, '0.00'),
(10769, 62, '49.30', 15, '0.00'),
(10770, 11, '21.00', 15, '0.25'),
(10771, 71, '21.50', 16, '0.00'),
(10772, 29, '123.79', 18, '0.00'),
(10772, 59, '55.00', 25, '0.00'),
(10773, 17, '39.00', 33, '0.00'),
(10773, 31, '12.50', 70, '0.20'),
(10773, 75, '7.75', 7, '0.20'),
(10774, 31, '12.50', 2, '0.25'),
(10774, 66, '17.00', 50, '0.00'),
(10775, 10, '31.00', 6, '0.00'),
(10775, 67, '14.00', 3, '0.00'),
(10776, 31, '12.50', 16, '0.05'),
(10776, 42, '14.00', 12, '0.05'),
(10776, 45, '9.50', 27, '0.05'),
(10776, 51, '53.00', 120, '0.05'),
(10777, 42, '14.00', 20, '0.20'),
(10778, 41, '9.65', 10, '0.00'),
(10779, 16, '17.45', 20, '0.00'),
(10779, 62, '49.30', 20, '0.00'),
(10780, 70, '15.00', 35, '0.00'),
(10780, 77, '13.00', 15, '0.00'),
(10781, 54, '7.45', 3, '0.20'),
(10781, 56, '38.00', 20, '0.20'),
(10781, 74, '10.00', 35, '0.00'),
(10782, 31, '12.50', 1, '0.00'),
(10783, 31, '12.50', 10, '0.00'),
(10783, 38, '263.50', 5, '0.00'),
(10784, 36, '19.00', 30, '0.00'),
(10784, 39, '18.00', 2, '0.15'),
(10784, 72, '34.80', 30, '0.15'),
(10785, 10, '31.00', 10, '0.00'),
(10785, 75, '7.75', 10, '0.00'),
(10786, 8, '40.00', 30, '0.20'),
(10786, 30, '25.89', 15, '0.20'),
(10786, 75, '7.75', 42, '0.20'),
(10787, 2, '19.00', 15, '0.05'),
(10787, 29, '123.79', 20, '0.05'),
(10788, 19, '9.20', 50, '0.05'),
(10788, 75, '7.75', 40, '0.05'),
(10789, 18, '62.50', 30, '0.00'),
(10789, 35, '18.00', 15, '0.00'),
(10789, 63, '43.90', 30, '0.00'),
(10789, 68, '12.50', 18, '0.00'),
(10790, 7, '30.00', 3, '0.15'),
(10790, 56, '38.00', 20, '0.15'),
(10791, 29, '123.79', 14, '0.05'),
(10791, 41, '9.65', 20, '0.05'),
(10792, 2, '19.00', 10, '0.00'),
(10792, 54, '7.45', 3, '0.00'),
(10792, 68, '12.50', 15, '0.00'),
(10793, 41, '9.65', 14, '0.00'),
(10793, 52, '7.00', 8, '0.00'),
(10794, 14, '23.25', 15, '0.20'),
(10794, 54, '7.45', 6, '0.20'),
(10795, 16, '17.45', 65, '0.00'),
(10795, 17, '39.00', 35, '0.25'),
(10796, 26, '31.23', 21, '0.20'),
(10796, 44, '19.45', 10, '0.00'),
(10796, 64, '33.25', 35, '0.20'),
(10796, 69, '36.00', 24, '0.20'),
(10797, 11, '21.00', 20, '0.00'),
(10798, 62, '49.30', 2, '0.00'),
(10798, 72, '34.80', 10, '0.00'),
(10799, 13, '6.00', 20, '0.15'),
(10799, 24, '4.50', 20, '0.15'),
(10799, 59, '55.00', 25, '0.00'),
(10800, 11, '21.00', 50, '0.10'),
(10800, 51, '53.00', 10, '0.10'),
(10800, 54, '7.45', 7, '0.10'),
(10801, 17, '39.00', 40, '0.25'),
(10801, 29, '123.79', 20, '0.25'),
(10802, 30, '25.89', 25, '0.25'),
(10802, 51, '53.00', 30, '0.25'),
(10802, 55, '24.00', 60, '0.25'),
(10802, 62, '49.30', 5, '0.25'),
(10803, 19, '9.20', 24, '0.05'),
(10803, 25, '14.00', 15, '0.05'),
(10803, 59, '55.00', 15, '0.05'),
(10804, 10, '31.00', 36, '0.00'),
(10804, 28, '45.60', 24, '0.00'),
(10804, 49, '20.00', 4, '0.15'),
(10805, 34, '14.00', 10, '0.00'),
(10805, 38, '263.50', 10, '0.00'),
(10806, 2, '19.00', 20, '0.25'),
(10806, 65, '21.05', 2, '0.00'),
(10806, 74, '10.00', 15, '0.25'),
(10807, 40, '18.40', 1, '0.00'),
(10808, 56, '38.00', 20, '0.15'),
(10808, 76, '18.00', 50, '0.15'),
(10809, 52, '7.00', 20, '0.00'),
(10810, 13, '6.00', 7, '0.00'),
(10810, 25, '14.00', 5, '0.00'),
(10810, 70, '15.00', 5, '0.00'),
(10811, 19, '9.20', 15, '0.00'),
(10811, 23, '9.00', 18, '0.00'),
(10811, 40, '18.40', 30, '0.00'),
(10812, 31, '12.50', 16, '0.10'),
(10812, 72, '34.80', 40, '0.10'),
(10812, 77, '13.00', 20, '0.00'),
(10813, 2, '19.00', 12, '0.20'),
(10813, 46, '12.00', 35, '0.00'),
(10814, 41, '9.65', 20, '0.00'),
(10814, 43, '46.00', 20, '0.15'),
(10814, 48, '12.75', 8, '0.15'),
(10814, 61, '28.50', 30, '0.15'),
(10815, 33, '2.50', 16, '0.00'),
(10816, 38, '263.50', 30, '0.05'),
(10816, 62, '49.30', 20, '0.05'),
(10817, 26, '31.23', 40, '0.15'),
(10817, 38, '263.50', 30, '0.00'),
(10817, 40, '18.40', 60, '0.15'),
(10817, 62, '49.30', 25, '0.15'),
(10818, 32, '32.00', 20, '0.00'),
(10818, 41, '9.65', 20, '0.00'),
(10819, 43, '46.00', 7, '0.00'),
(10819, 75, '7.75', 20, '0.00'),
(10820, 56, '38.00', 30, '0.00'),
(10821, 35, '18.00', 20, '0.00'),
(10821, 51, '53.00', 6, '0.00'),
(10822, 62, '49.30', 3, '0.00'),
(10822, 70, '15.00', 6, '0.00'),
(10823, 11, '21.00', 20, '0.10'),
(10823, 57, '19.50', 15, '0.00'),
(10823, 59, '55.00', 40, '0.10'),
(10823, 77, '13.00', 15, '0.10'),
(10824, 41, '9.65', 12, '0.00'),
(10824, 70, '15.00', 9, '0.00'),
(10825, 26, '31.23', 12, '0.00'),
(10825, 53, '32.80', 20, '0.00'),
(10826, 31, '12.50', 35, '0.00'),
(10826, 57, '19.50', 15, '0.00'),
(10827, 10, '31.00', 15, '0.00'),
(10827, 39, '18.00', 21, '0.00'),
(10828, 20, '81.00', 5, '0.00'),
(10828, 38, '263.50', 2, '0.00'),
(10829, 2, '19.00', 10, '0.00'),
(10829, 8, '40.00', 20, '0.00'),
(10829, 13, '6.00', 10, '0.00'),
(10829, 60, '34.00', 21, '0.00'),
(10830, 6, '25.00', 6, '0.00'),
(10830, 39, '18.00', 28, '0.00'),
(10830, 60, '34.00', 30, '0.00'),
(10830, 68, '12.50', 24, '0.00'),
(10831, 19, '9.20', 2, '0.00'),
(10831, 35, '18.00', 8, '0.00'),
(10831, 38, '263.50', 8, '0.00'),
(10831, 43, '46.00', 9, '0.00'),
(10832, 13, '6.00', 3, '0.20'),
(10832, 25, '14.00', 10, '0.20'),
(10832, 44, '19.45', 16, '0.20'),
(10832, 64, '33.25', 3, '0.00'),
(10833, 7, '30.00', 20, '0.10'),
(10833, 31, '12.50', 9, '0.10'),
(10833, 53, '32.80', 9, '0.10'),
(10834, 29, '123.79', 8, '0.05'),
(10834, 30, '25.89', 20, '0.05'),
(10835, 59, '55.00', 15, '0.00'),
(10835, 77, '13.00', 2, '0.20'),
(10836, 22, '21.00', 52, '0.00'),
(10836, 35, '18.00', 6, '0.00'),
(10836, 57, '19.50', 24, '0.00'),
(10836, 60, '34.00', 60, '0.00'),
(10836, 64, '33.25', 30, '0.00'),
(10837, 13, '6.00', 6, '0.00'),
(10837, 40, '18.40', 25, '0.00'),
(10837, 47, '9.50', 40, '0.25'),
(10837, 76, '18.00', 21, '0.25'),
(10838, 1, '18.00', 4, '0.25'),
(10838, 18, '62.50', 25, '0.25'),
(10838, 36, '19.00', 50, '0.25'),
(10839, 58, '13.25', 30, '0.10'),
(10839, 72, '34.80', 15, '0.10'),
(10840, 25, '14.00', 6, '0.20'),
(10840, 39, '18.00', 10, '0.20'),
(10841, 10, '31.00', 16, '0.00'),
(10841, 56, '38.00', 30, '0.00'),
(10841, 59, '55.00', 50, '0.00'),
(10841, 77, '13.00', 15, '0.00'),
(10842, 11, '21.00', 15, '0.00'),
(10842, 43, '46.00', 5, '0.00'),
(10842, 68, '12.50', 20, '0.00'),
(10842, 70, '15.00', 12, '0.00'),
(10843, 51, '53.00', 4, '0.25'),
(10844, 22, '21.00', 35, '0.00'),
(10845, 23, '9.00', 70, '0.10'),
(10845, 35, '18.00', 25, '0.10'),
(10845, 42, '14.00', 42, '0.10'),
(10845, 58, '13.25', 60, '0.10'),
(10845, 64, '33.25', 48, '0.00'),
(10846, 4, '22.00', 21, '0.00'),
(10846, 70, '15.00', 30, '0.00'),
(10846, 74, '10.00', 20, '0.00'),
(10847, 1, '18.00', 80, '0.20'),
(10847, 19, '9.20', 12, '0.20'),
(10847, 37, '26.00', 60, '0.20'),
(10847, 45, '9.50', 36, '0.20'),
(10847, 60, '34.00', 45, '0.20'),
(10847, 71, '21.50', 55, '0.20'),
(10848, 5, '21.35', 30, '0.00');
INSERT INTO `détails commandes` (`N° commande`, `Réf produit`, `Prix unitaire`, `Quantité`, `Remise (%)`) VALUES
(10848, 9, '97.00', 3, '0.00'),
(10849, 3, '10.00', 49, '0.00'),
(10849, 26, '31.23', 18, '0.15'),
(10850, 25, '14.00', 20, '0.15'),
(10850, 33, '2.50', 4, '0.15'),
(10850, 70, '15.00', 30, '0.15'),
(10851, 2, '19.00', 5, '0.05'),
(10851, 25, '14.00', 10, '0.05'),
(10851, 57, '19.50', 10, '0.05'),
(10851, 59, '55.00', 42, '0.05'),
(10852, 2, '19.00', 15, '0.00'),
(10852, 17, '39.00', 6, '0.00'),
(10852, 62, '49.30', 50, '0.00'),
(10853, 18, '62.50', 10, '0.00'),
(10854, 10, '31.00', 100, '0.15'),
(10854, 13, '6.00', 65, '0.15'),
(10855, 16, '17.45', 50, '0.00'),
(10855, 31, '12.50', 14, '0.00'),
(10855, 56, '38.00', 24, '0.00'),
(10855, 65, '21.05', 15, '0.15'),
(10856, 2, '19.00', 20, '0.00'),
(10856, 42, '14.00', 20, '0.00'),
(10857, 3, '10.00', 30, '0.00'),
(10857, 26, '31.23', 35, '0.25'),
(10857, 29, '123.79', 10, '0.25'),
(10858, 7, '30.00', 5, '0.00'),
(10858, 27, '43.90', 10, '0.00'),
(10858, 70, '15.00', 4, '0.00'),
(10859, 24, '4.50', 40, '0.25'),
(10859, 54, '7.45', 35, '0.25'),
(10859, 64, '33.25', 30, '0.25'),
(10860, 51, '53.00', 3, '0.00'),
(10860, 76, '18.00', 20, '0.00'),
(10861, 17, '39.00', 42, '0.00'),
(10861, 18, '62.50', 20, '0.00'),
(10861, 21, '10.00', 40, '0.00'),
(10861, 33, '2.50', 35, '0.00'),
(10861, 62, '49.30', 3, '0.00'),
(10862, 11, '21.00', 25, '0.00'),
(10862, 52, '7.00', 8, '0.00'),
(10863, 1, '18.00', 20, '0.15'),
(10863, 58, '13.25', 12, '0.15'),
(10864, 35, '18.00', 4, '0.00'),
(10864, 67, '14.00', 15, '0.00'),
(10865, 38, '263.50', 60, '0.05'),
(10865, 39, '18.00', 80, '0.05'),
(10866, 2, '19.00', 21, '0.25'),
(10866, 24, '4.50', 6, '0.25'),
(10866, 30, '25.89', 40, '0.25'),
(10867, 53, '32.80', 3, '0.00'),
(10868, 26, '31.23', 20, '0.00'),
(10868, 35, '18.00', 30, '0.00'),
(10868, 49, '20.00', 42, '0.10'),
(10869, 1, '18.00', 40, '0.00'),
(10869, 11, '21.00', 10, '0.00'),
(10869, 23, '9.00', 50, '0.00'),
(10869, 68, '12.50', 20, '0.00'),
(10870, 35, '18.00', 3, '0.00'),
(10870, 51, '53.00', 2, '0.00'),
(10871, 6, '25.00', 50, '0.05'),
(10871, 16, '17.45', 12, '0.05'),
(10871, 17, '39.00', 16, '0.05'),
(10872, 55, '24.00', 10, '0.05'),
(10872, 62, '49.30', 20, '0.05'),
(10872, 64, '33.25', 15, '0.05'),
(10872, 65, '21.05', 21, '0.05'),
(10873, 21, '10.00', 20, '0.00'),
(10873, 28, '45.60', 3, '0.00'),
(10874, 10, '31.00', 10, '0.00'),
(10875, 19, '9.20', 25, '0.00'),
(10875, 47, '9.50', 21, '0.10'),
(10875, 49, '20.00', 15, '0.00'),
(10876, 46, '12.00', 21, '0.00'),
(10876, 64, '33.25', 20, '0.00'),
(10877, 16, '17.45', 30, '0.25'),
(10877, 18, '62.50', 25, '0.00'),
(10878, 20, '81.00', 20, '0.05'),
(10879, 40, '18.40', 12, '0.00'),
(10879, 65, '21.05', 10, '0.00'),
(10879, 76, '18.00', 10, '0.00'),
(10880, 23, '9.00', 30, '0.20'),
(10880, 61, '28.50', 30, '0.20'),
(10880, 70, '15.00', 50, '0.20'),
(10881, 73, '15.00', 10, '0.00'),
(10882, 42, '14.00', 25, '0.00'),
(10882, 49, '20.00', 20, '0.15'),
(10882, 54, '7.45', 32, '0.15'),
(10883, 24, '4.50', 8, '0.00'),
(10884, 21, '10.00', 40, '0.05'),
(10884, 56, '38.00', 21, '0.05'),
(10884, 65, '21.05', 12, '0.05'),
(10885, 2, '19.00', 20, '0.00'),
(10885, 24, '4.50', 12, '0.00'),
(10885, 70, '15.00', 30, '0.00'),
(10885, 77, '13.00', 25, '0.00'),
(10886, 10, '31.00', 70, '0.00'),
(10886, 31, '12.50', 35, '0.00'),
(10886, 77, '13.00', 40, '0.00'),
(10887, 25, '14.00', 5, '0.00'),
(10888, 2, '19.00', 20, '0.00'),
(10888, 68, '12.50', 18, '0.00'),
(10889, 11, '21.00', 40, '0.00'),
(10889, 38, '263.50', 40, '0.00'),
(10890, 17, '39.00', 15, '0.00'),
(10890, 34, '14.00', 10, '0.00'),
(10890, 41, '9.65', 14, '0.00'),
(10891, 30, '25.89', 15, '0.05'),
(10892, 59, '55.00', 40, '0.05'),
(10893, 8, '40.00', 30, '0.00'),
(10893, 24, '4.50', 10, '0.00'),
(10893, 29, '123.79', 24, '0.00'),
(10893, 30, '25.89', 35, '0.00'),
(10893, 36, '19.00', 20, '0.00'),
(10894, 13, '6.00', 28, '0.05'),
(10894, 69, '36.00', 50, '0.05'),
(10894, 75, '7.75', 120, '0.05'),
(10895, 24, '4.50', 110, '0.00'),
(10895, 39, '18.00', 45, '0.00'),
(10895, 40, '18.40', 91, '0.00'),
(10895, 60, '34.00', 100, '0.00'),
(10896, 45, '9.50', 15, '0.00'),
(10896, 56, '38.00', 16, '0.00'),
(10897, 29, '123.79', 80, '0.00'),
(10897, 30, '25.89', 36, '0.00'),
(10898, 13, '6.00', 5, '0.00'),
(10899, 39, '18.00', 8, '0.15'),
(10900, 70, '15.00', 3, '0.25'),
(10901, 41, '9.65', 30, '0.00'),
(10901, 71, '21.50', 30, '0.00'),
(10902, 55, '24.00', 30, '0.15'),
(10902, 62, '49.30', 6, '0.15'),
(10903, 13, '6.00', 40, '0.00'),
(10903, 65, '21.05', 21, '0.00'),
(10903, 68, '12.50', 20, '0.00'),
(10904, 58, '13.25', 15, '0.00'),
(10904, 62, '49.30', 35, '0.00'),
(10905, 1, '18.00', 20, '0.05'),
(10906, 61, '28.50', 15, '0.00'),
(10907, 75, '7.75', 14, '0.00'),
(10908, 7, '30.00', 20, '0.05'),
(10908, 52, '7.00', 14, '0.05'),
(10909, 7, '30.00', 12, '0.00'),
(10909, 16, '17.45', 15, '0.00'),
(10909, 41, '9.65', 5, '0.00'),
(10910, 19, '9.20', 12, '0.00'),
(10910, 49, '20.00', 10, '0.00'),
(10910, 61, '28.50', 5, '0.00'),
(10911, 1, '18.00', 10, '0.00'),
(10911, 17, '39.00', 12, '0.00'),
(10911, 67, '14.00', 15, '0.00'),
(10912, 11, '21.00', 40, '0.25'),
(10912, 29, '123.79', 60, '0.25'),
(10913, 4, '22.00', 30, '0.25'),
(10913, 33, '2.50', 40, '0.25'),
(10913, 58, '13.25', 15, '0.00'),
(10914, 71, '21.50', 25, '0.00'),
(10915, 17, '39.00', 10, '0.00'),
(10915, 33, '2.50', 30, '0.00'),
(10915, 54, '7.45', 10, '0.00'),
(10916, 16, '17.45', 6, '0.00'),
(10916, 32, '32.00', 6, '0.00'),
(10916, 57, '19.50', 20, '0.00'),
(10917, 30, '25.89', 1, '0.00'),
(10917, 60, '34.00', 10, '0.00'),
(10918, 1, '18.00', 60, '0.25'),
(10918, 60, '34.00', 25, '0.25'),
(10919, 16, '17.45', 24, '0.00'),
(10919, 25, '14.00', 24, '0.00'),
(10919, 40, '18.40', 20, '0.00'),
(10920, 50, '16.25', 24, '0.00'),
(10921, 35, '18.00', 10, '0.00'),
(10921, 63, '43.90', 40, '0.00'),
(10922, 17, '39.00', 15, '0.00'),
(10922, 24, '4.50', 35, '0.00'),
(10923, 42, '14.00', 10, '0.20'),
(10923, 43, '46.00', 10, '0.20'),
(10923, 67, '14.00', 24, '0.20'),
(10924, 10, '31.00', 20, '0.10'),
(10924, 28, '45.60', 30, '0.10'),
(10924, 75, '7.75', 6, '0.00'),
(10925, 36, '19.00', 25, '0.15'),
(10925, 52, '7.00', 12, '0.15'),
(10926, 11, '21.00', 2, '0.00'),
(10926, 13, '6.00', 10, '0.00'),
(10926, 19, '9.20', 7, '0.00'),
(10926, 72, '34.80', 10, '0.00'),
(10927, 20, '81.00', 5, '0.00'),
(10927, 52, '7.00', 5, '0.00'),
(10927, 76, '18.00', 20, '0.00'),
(10928, 47, '9.50', 5, '0.00'),
(10928, 76, '18.00', 5, '0.00'),
(10929, 21, '10.00', 60, '0.00'),
(10929, 75, '7.75', 49, '0.00'),
(10929, 77, '13.00', 15, '0.00'),
(10930, 21, '10.00', 36, '0.00'),
(10930, 27, '43.90', 25, '0.00'),
(10930, 55, '24.00', 25, '0.20'),
(10930, 58, '13.25', 30, '0.20'),
(10931, 13, '6.00', 42, '0.15'),
(10931, 57, '19.50', 30, '0.00'),
(10932, 16, '17.45', 30, '0.10'),
(10932, 62, '49.30', 14, '0.10'),
(10932, 72, '34.80', 16, '0.00'),
(10932, 75, '7.75', 20, '0.10'),
(10933, 53, '32.80', 2, '0.00'),
(10933, 61, '28.50', 30, '0.00'),
(10934, 6, '25.00', 20, '0.00'),
(10935, 1, '18.00', 21, '0.00'),
(10935, 18, '62.50', 4, '0.25'),
(10935, 23, '9.00', 8, '0.25'),
(10936, 36, '19.00', 30, '0.20'),
(10937, 28, '45.60', 8, '0.00'),
(10937, 34, '14.00', 20, '0.00'),
(10938, 13, '6.00', 20, '0.25'),
(10938, 43, '46.00', 24, '0.25'),
(10938, 60, '34.00', 49, '0.25'),
(10938, 71, '21.50', 35, '0.25'),
(10939, 2, '19.00', 10, '0.15'),
(10939, 67, '14.00', 40, '0.15'),
(10940, 7, '30.00', 8, '0.00'),
(10940, 13, '6.00', 20, '0.00'),
(10941, 31, '12.50', 44, '0.25'),
(10941, 62, '49.30', 30, '0.25'),
(10941, 68, '12.50', 80, '0.25'),
(10941, 72, '34.80', 50, '0.00'),
(10942, 49, '20.00', 28, '0.00'),
(10943, 13, '6.00', 15, '0.00'),
(10943, 22, '21.00', 21, '0.00'),
(10943, 46, '12.00', 15, '0.00'),
(10944, 11, '21.00', 5, '0.25'),
(10944, 44, '19.45', 18, '0.25'),
(10944, 56, '38.00', 18, '0.00'),
(10945, 13, '6.00', 20, '0.00'),
(10945, 31, '12.50', 10, '0.00'),
(10946, 10, '31.00', 25, '0.00'),
(10946, 24, '4.50', 25, '0.00'),
(10946, 77, '13.00', 40, '0.00'),
(10947, 59, '55.00', 4, '0.00'),
(10948, 50, '16.25', 9, '0.00'),
(10948, 51, '53.00', 40, '0.00'),
(10948, 55, '24.00', 4, '0.00'),
(10949, 6, '25.00', 12, '0.00'),
(10949, 10, '31.00', 30, '0.00'),
(10949, 17, '39.00', 6, '0.00'),
(10949, 62, '49.30', 60, '0.00'),
(10950, 4, '22.00', 5, '0.00'),
(10951, 33, '2.50', 15, '0.05'),
(10951, 41, '9.65', 6, '0.05'),
(10951, 75, '7.75', 50, '0.05'),
(10952, 6, '25.00', 16, '0.05'),
(10952, 28, '45.60', 2, '0.00'),
(10953, 20, '81.00', 50, '0.05'),
(10953, 31, '12.50', 50, '0.05'),
(10954, 16, '17.45', 28, '0.15'),
(10954, 31, '12.50', 25, '0.15'),
(10954, 45, '9.50', 30, '0.00'),
(10954, 60, '34.00', 24, '0.15'),
(10955, 75, '7.75', 12, '0.20'),
(10956, 21, '10.00', 12, '0.00'),
(10956, 47, '9.50', 14, '0.00'),
(10956, 51, '53.00', 8, '0.00'),
(10957, 30, '25.89', 30, '0.00'),
(10957, 35, '18.00', 40, '0.00'),
(10957, 64, '33.25', 8, '0.00'),
(10958, 5, '21.35', 20, '0.00'),
(10958, 7, '30.00', 6, '0.00'),
(10958, 72, '34.80', 5, '0.00'),
(10959, 75, '7.75', 20, '0.15'),
(10960, 24, '4.50', 10, '0.25'),
(10960, 41, '9.65', 24, '0.00'),
(10961, 52, '7.00', 6, '0.05'),
(10961, 76, '18.00', 60, '0.00'),
(10962, 7, '30.00', 45, '0.00'),
(10962, 13, '6.00', 77, '0.00'),
(10962, 53, '32.80', 20, '0.00'),
(10962, 69, '36.00', 9, '0.00'),
(10962, 76, '18.00', 44, '0.00'),
(10963, 60, '34.00', 2, '0.15'),
(10964, 18, '62.50', 6, '0.00'),
(10964, 38, '263.50', 5, '0.00'),
(10964, 69, '36.00', 10, '0.00'),
(10965, 51, '53.00', 16, '0.00'),
(10966, 37, '26.00', 8, '0.00'),
(10966, 56, '38.00', 12, '0.15'),
(10966, 62, '49.30', 12, '0.15'),
(10967, 19, '9.20', 12, '0.00'),
(10967, 49, '20.00', 40, '0.00'),
(10968, 12, '38.00', 30, '0.00'),
(10968, 24, '4.50', 30, '0.00'),
(10968, 64, '33.25', 4, '0.00'),
(10969, 46, '12.00', 9, '0.00'),
(10970, 52, '7.00', 40, '0.20'),
(10971, 29, '123.79', 14, '0.00'),
(10972, 17, '39.00', 6, '0.00'),
(10972, 33, '2.50', 7, '0.00'),
(10973, 26, '31.23', 5, '0.00'),
(10973, 41, '9.65', 6, '0.00'),
(10973, 75, '7.75', 10, '0.00'),
(10974, 63, '43.90', 10, '0.00'),
(10975, 8, '40.00', 16, '0.00'),
(10975, 75, '7.75', 10, '0.00'),
(10976, 28, '45.60', 20, '0.00'),
(10977, 39, '18.00', 30, '0.00'),
(10977, 47, '9.50', 30, '0.00'),
(10977, 51, '53.00', 10, '0.00'),
(10977, 63, '43.90', 20, '0.00'),
(10978, 8, '40.00', 20, '0.15'),
(10978, 21, '10.00', 40, '0.15'),
(10978, 40, '18.40', 10, '0.00'),
(10978, 44, '19.45', 6, '0.15'),
(10979, 7, '30.00', 18, '0.00'),
(10979, 12, '38.00', 20, '0.00'),
(10979, 24, '4.50', 80, '0.00'),
(10979, 27, '43.90', 30, '0.00'),
(10979, 31, '12.50', 24, '0.00'),
(10979, 63, '43.90', 35, '0.00'),
(10980, 75, '7.75', 40, '0.20'),
(10981, 38, '263.50', 60, '0.00'),
(10982, 7, '30.00', 20, '0.00'),
(10982, 43, '46.00', 9, '0.00'),
(10983, 13, '6.00', 84, '0.15'),
(10983, 57, '19.50', 15, '0.00'),
(10984, 16, '17.45', 55, '0.00'),
(10984, 24, '4.50', 20, '0.00'),
(10984, 36, '19.00', 40, '0.00'),
(10985, 16, '17.45', 36, '0.10'),
(10985, 18, '62.50', 8, '0.10'),
(10985, 32, '32.00', 35, '0.10'),
(10986, 11, '21.00', 30, '0.00'),
(10986, 20, '81.00', 15, '0.00'),
(10986, 76, '18.00', 10, '0.00'),
(10986, 77, '13.00', 15, '0.00'),
(10987, 7, '30.00', 60, '0.00'),
(10987, 43, '46.00', 6, '0.00'),
(10987, 72, '34.80', 20, '0.00'),
(10988, 7, '30.00', 60, '0.00'),
(10988, 62, '49.30', 40, '0.10'),
(10989, 6, '25.00', 40, '0.00'),
(10989, 11, '21.00', 15, '0.00'),
(10989, 41, '9.65', 4, '0.00'),
(10990, 21, '10.00', 65, '0.00'),
(10990, 34, '14.00', 60, '0.15'),
(10990, 55, '24.00', 65, '0.15'),
(10990, 61, '28.50', 66, '0.15'),
(10991, 2, '19.00', 50, '0.20'),
(10991, 70, '15.00', 20, '0.20'),
(10991, 76, '18.00', 90, '0.20'),
(10992, 72, '34.80', 2, '0.00'),
(10993, 29, '123.79', 50, '0.25'),
(10993, 41, '9.65', 35, '0.25'),
(10994, 59, '55.00', 18, '0.05'),
(10995, 51, '53.00', 20, '0.00'),
(10995, 60, '34.00', 4, '0.00'),
(10996, 42, '14.00', 40, '0.00'),
(10997, 32, '32.00', 50, '0.00'),
(10997, 46, '12.00', 20, '0.25'),
(10997, 52, '7.00', 20, '0.25'),
(10998, 24, '4.50', 12, '0.00'),
(10998, 61, '28.50', 7, '0.00'),
(10998, 74, '10.00', 20, '0.00'),
(10998, 75, '7.75', 30, '0.00'),
(10999, 41, '9.65', 20, '0.05'),
(10999, 51, '53.00', 15, '0.05'),
(10999, 77, '13.00', 21, '0.05'),
(11000, 4, '22.00', 25, '0.25'),
(11000, 24, '4.50', 30, '0.25'),
(11000, 77, '13.00', 30, '0.00'),
(11001, 7, '30.00', 60, '0.00'),
(11001, 22, '21.00', 25, '0.00'),
(11001, 46, '12.00', 25, '0.00'),
(11001, 55, '24.00', 6, '0.00'),
(11002, 13, '6.00', 56, '0.00'),
(11002, 35, '18.00', 15, '0.15'),
(11002, 42, '14.00', 24, '0.15'),
(11002, 55, '24.00', 40, '0.00'),
(11003, 1, '18.00', 4, '0.00'),
(11003, 40, '18.40', 10, '0.00'),
(11003, 52, '7.00', 10, '0.00'),
(11004, 26, '31.23', 6, '0.00'),
(11004, 76, '18.00', 6, '0.00'),
(11005, 1, '18.00', 2, '0.00'),
(11005, 59, '55.00', 10, '0.00'),
(11006, 1, '18.00', 8, '0.00'),
(11006, 29, '123.79', 2, '0.25'),
(11007, 8, '40.00', 30, '0.00'),
(11007, 29, '123.79', 10, '0.00'),
(11007, 42, '14.00', 14, '0.00'),
(11008, 28, '45.60', 70, '0.05'),
(11008, 34, '14.00', 90, '0.05'),
(11008, 71, '21.50', 21, '0.00'),
(11009, 24, '4.50', 12, '0.00'),
(11009, 36, '19.00', 18, '0.25'),
(11009, 60, '34.00', 9, '0.00'),
(11010, 7, '30.00', 20, '0.00'),
(11010, 24, '4.50', 10, '0.00'),
(11011, 58, '13.25', 40, '0.05'),
(11011, 71, '21.50', 20, '0.00'),
(11012, 19, '9.20', 50, '0.05'),
(11012, 60, '34.00', 36, '0.05'),
(11012, 71, '21.50', 60, '0.05'),
(11013, 23, '9.00', 10, '0.00'),
(11013, 42, '14.00', 4, '0.00'),
(11013, 45, '9.50', 20, '0.00'),
(11013, 68, '12.50', 2, '0.00'),
(11014, 41, '9.65', 28, '0.10'),
(11015, 30, '25.89', 15, '0.00'),
(11015, 77, '13.00', 18, '0.00'),
(11016, 31, '12.50', 15, '0.00'),
(11016, 36, '19.00', 16, '0.00'),
(11017, 3, '10.00', 25, '0.00'),
(11017, 59, '55.00', 110, '0.00'),
(11017, 70, '15.00', 30, '0.00'),
(11018, 12, '38.00', 20, '0.00'),
(11018, 18, '62.50', 10, '0.00'),
(11018, 56, '38.00', 5, '0.00'),
(11019, 46, '12.00', 3, '0.00'),
(11019, 49, '20.00', 2, '0.00'),
(11020, 10, '31.00', 24, '0.15'),
(11021, 2, '19.00', 11, '0.25'),
(11021, 20, '81.00', 15, '0.00'),
(11021, 26, '31.23', 63, '0.00'),
(11021, 51, '53.00', 44, '0.25'),
(11021, 72, '34.80', 35, '0.00'),
(11022, 19, '9.20', 35, '0.00'),
(11022, 69, '36.00', 30, '0.00'),
(11023, 7, '30.00', 4, '0.00'),
(11023, 43, '46.00', 30, '0.00'),
(11024, 26, '31.23', 12, '0.00'),
(11024, 33, '2.50', 30, '0.00'),
(11024, 65, '21.05', 21, '0.00'),
(11024, 71, '21.50', 50, '0.00'),
(11025, 1, '18.00', 10, '0.10'),
(11025, 13, '6.00', 20, '0.10'),
(11026, 18, '62.50', 8, '0.00'),
(11026, 51, '53.00', 10, '0.00'),
(11027, 24, '4.50', 30, '0.25'),
(11027, 62, '49.30', 21, '0.25'),
(11028, 55, '24.00', 35, '0.00'),
(11028, 59, '55.00', 24, '0.00'),
(11029, 56, '38.00', 20, '0.00'),
(11029, 63, '43.90', 12, '0.00'),
(11030, 2, '19.00', 100, '0.25'),
(11030, 5, '21.35', 70, '0.00'),
(11030, 29, '123.79', 60, '0.25'),
(11030, 59, '55.00', 100, '0.25'),
(11031, 1, '18.00', 45, '0.00'),
(11031, 13, '6.00', 80, '0.00'),
(11031, 24, '4.50', 21, '0.00'),
(11031, 64, '33.25', 20, '0.00'),
(11031, 71, '21.50', 16, '0.00'),
(11032, 36, '19.00', 35, '0.00'),
(11032, 38, '263.50', 25, '0.00'),
(11032, 59, '55.00', 30, '0.00'),
(11033, 53, '32.80', 70, '0.10'),
(11033, 69, '36.00', 36, '0.10'),
(11034, 21, '10.00', 15, '0.10'),
(11034, 44, '19.45', 12, '0.00'),
(11034, 61, '28.50', 6, '0.00'),
(11035, 1, '18.00', 10, '0.00'),
(11035, 35, '18.00', 60, '0.00'),
(11035, 42, '14.00', 30, '0.00'),
(11035, 54, '7.45', 10, '0.00'),
(11036, 13, '6.00', 7, '0.00'),
(11036, 59, '55.00', 30, '0.00'),
(11037, 70, '15.00', 4, '0.00'),
(11038, 40, '18.40', 5, '0.20'),
(11038, 52, '7.00', 2, '0.00'),
(11038, 71, '21.50', 30, '0.00'),
(11039, 28, '45.60', 20, '0.00'),
(11039, 35, '18.00', 24, '0.00'),
(11039, 49, '20.00', 60, '0.00'),
(11039, 57, '19.50', 28, '0.00'),
(11040, 21, '10.00', 20, '0.00'),
(11041, 2, '19.00', 30, '0.20'),
(11041, 63, '43.90', 30, '0.00'),
(11042, 44, '19.45', 15, '0.00'),
(11042, 61, '28.50', 4, '0.00'),
(11043, 11, '21.00', 10, '0.00'),
(11044, 62, '49.30', 12, '0.00'),
(11045, 33, '2.50', 15, '0.00'),
(11045, 51, '53.00', 24, '0.00'),
(11046, 12, '38.00', 20, '0.05'),
(11046, 32, '32.00', 15, '0.05'),
(11046, 35, '18.00', 18, '0.05'),
(11047, 1, '18.00', 25, '0.25'),
(11047, 5, '21.35', 30, '0.25'),
(11048, 68, '12.50', 42, '0.00'),
(11049, 2, '19.00', 10, '0.20'),
(11049, 12, '38.00', 4, '0.20'),
(11050, 76, '18.00', 50, '0.10'),
(11051, 24, '4.50', 10, '0.20'),
(11052, 43, '46.00', 30, '0.20'),
(11052, 61, '28.50', 10, '0.20'),
(11053, 18, '62.50', 35, '0.20'),
(11053, 32, '32.00', 20, '0.00'),
(11053, 64, '33.25', 25, '0.20'),
(11054, 33, '2.50', 10, '0.00'),
(11054, 67, '14.00', 20, '0.00'),
(11055, 24, '4.50', 15, '0.00'),
(11055, 25, '14.00', 15, '0.00'),
(11055, 51, '53.00', 20, '0.00'),
(11055, 57, '19.50', 20, '0.00'),
(11056, 7, '30.00', 40, '0.00'),
(11056, 55, '24.00', 35, '0.00'),
(11056, 60, '34.00', 50, '0.00'),
(11057, 70, '15.00', 3, '0.00'),
(11058, 21, '10.00', 3, '0.00'),
(11058, 60, '34.00', 21, '0.00'),
(11058, 61, '28.50', 4, '0.00'),
(11059, 13, '6.00', 30, '0.00'),
(11059, 17, '39.00', 12, '0.00'),
(11059, 60, '34.00', 35, '0.00'),
(11060, 60, '34.00', 4, '0.00'),
(11060, 77, '13.00', 10, '0.00'),
(11061, 60, '34.00', 15, '0.00'),
(11062, 53, '32.80', 10, '0.20'),
(11062, 70, '15.00', 12, '0.20'),
(11063, 34, '14.00', 30, '0.00'),
(11063, 40, '18.40', 40, '0.10'),
(11063, 41, '9.65', 30, '0.10'),
(11064, 17, '39.00', 77, '0.10'),
(11064, 41, '9.65', 12, '0.00'),
(11064, 53, '32.80', 25, '0.10'),
(11064, 55, '24.00', 4, '0.10'),
(11064, 68, '12.50', 55, '0.00'),
(11065, 30, '25.89', 4, '0.25'),
(11065, 54, '7.45', 20, '0.25'),
(11066, 16, '17.45', 3, '0.00'),
(11066, 19, '9.20', 42, '0.00'),
(11066, 34, '14.00', 35, '0.00'),
(11067, 41, '9.65', 9, '0.00'),
(11068, 28, '45.60', 8, '0.15'),
(11068, 43, '46.00', 36, '0.15'),
(11068, 77, '13.00', 28, '0.15'),
(11069, 39, '18.00', 20, '0.00'),
(11070, 1, '18.00', 40, '0.15'),
(11070, 2, '19.00', 20, '0.15'),
(11070, 16, '17.45', 30, '0.15'),
(11070, 31, '12.50', 20, '0.00'),
(11071, 7, '30.00', 15, '0.05'),
(11071, 13, '6.00', 10, '0.05'),
(11072, 2, '19.00', 8, '0.00'),
(11072, 41, '9.65', 40, '0.00'),
(11072, 50, '16.25', 22, '0.00'),
(11072, 64, '33.25', 130, '0.00'),
(11073, 11, '21.00', 10, '0.00'),
(11073, 24, '4.50', 20, '0.00'),
(11074, 16, '17.45', 14, '0.05'),
(11075, 2, '19.00', 10, '0.15'),
(11075, 46, '12.00', 30, '0.15'),
(11075, 76, '18.00', 2, '0.15'),
(11076, 6, '25.00', 20, '0.25'),
(11076, 14, '23.25', 20, '0.25'),
(11076, 19, '9.20', 10, '0.25'),
(11077, 2, '19.00', 24, '0.20'),
(11077, 3, '10.00', 4, '0.00'),
(11077, 4, '22.00', 1, '0.00'),
(11077, 6, '25.00', 1, '0.02'),
(11077, 7, '30.00', 1, '0.05'),
(11077, 8, '40.00', 2, '0.10'),
(11077, 10, '31.00', 1, '0.00'),
(11077, 12, '38.00', 2, '0.05'),
(11077, 13, '6.00', 4, '0.00'),
(11077, 14, '23.25', 1, '0.03'),
(11077, 16, '17.45', 2, '0.03'),
(11077, 20, '81.00', 1, '0.04'),
(11077, 23, '9.00', 2, '0.00'),
(11077, 32, '32.00', 1, '0.00'),
(11077, 39, '18.00', 2, '0.05'),
(11077, 41, '9.65', 3, '0.00'),
(11077, 46, '12.00', 3, '0.02'),
(11077, 52, '7.00', 2, '0.00'),
(11077, 55, '24.00', 2, '0.00'),
(11077, 60, '34.00', 2, '0.06'),
(11077, 64, '33.25', 2, '0.03'),
(11077, 66, '17.00', 1, '0.00'),
(11077, 73, '15.00', 2, '0.01'),
(11077, 75, '7.75', 4, '0.00'),
(11077, 77, '13.00', 2, '0.00');

-- --------------------------------------------------------

--
-- Structure de la table `employés`
--

CREATE TABLE `employés` (
  `N° employé` int(11) NOT NULL COMMENT 'Numéro automatiquement assigné aux nouveaux employés.',
  `Nom` text NOT NULL,
  `Prénom` text NOT NULL,
  `Fonction` text NOT NULL,
  `Titre de courtoisie` text NOT NULL,
  `Date de naissance` date NOT NULL,
  `Date embauche` date NOT NULL,
  `Adresse` text NOT NULL,
  `Ville` text NOT NULL,
  `Région` text NOT NULL,
  `Code postal` text NOT NULL,
  `Pays` text NOT NULL,
  `Tél domicile` text NOT NULL,
  `Extension` text NOT NULL,
  `Photo` text NOT NULL,
  `Notes` text NOT NULL,
  `Rend compte à` int(11) NOT NULL
) ENGINE=InnoDB DEFAULT CHARSET=latin1;

--
-- Déchargement des données de la table `employés`
--

INSERT INTO `employés` (`N° employé`, `Nom`, `Prénom`, `Fonction`, `Titre de courtoisie`, `Date de naissance`, `Date embauche`, `Adresse`, `Ville`, `Région`, `Code postal`, `Pays`, `Tél domicile`, `Extension`, `Photo`, `Notes`, `Rend compte à`) VALUES
(1, 'Davolio', 'Nancy', 'Représentant(e)', 'Mlle', '1968-12-08', '1992-05-01', '507 - 20th Ave. E.\r\nApt. 2A', 'Seattle', 'WA', '98122', 'Etats-Unis', '(206) 555-9857', '5467', 'EmpID1.bmp', 'Diplôme universitaire en Psychologie (BA) (Colorado State University). Auteur du best-seller \"The Art of the Cold Call\". Membre de l\'American Marketing Organization.', 2),
(2, 'Fuller', 'Andrew', 'Vice-Président', 'Dr.', '1952-02-19', '1992-08-14', '908 W. Capital Way', 'Tacoma', 'WA', '98401', 'Etats-Unis', '(206) 555-9482', '3457', 'EmpID2.bmp', 'Diplôme universitaire de Commerce (BTS) et Ph.D. de Marketing International de l\'université de Dallas. Rejoint la société comme représentant, promu Chef des ventes puis Vice-président des ventes. Membre de la Chambre de Commerce de Seattle. Langues: parle couramment le français et l\'italien, lit l\'allemand.', 0),
(3, 'Leverling', 'Janet', 'Représentant(e)', 'Mlle', '1963-08-30', '1992-04-01', '722 Moss Bay Blvd.', 'Kirkland', 'WA', '98033', 'Etats-Unis', '(206) 555-3412', '3355', 'EmpID3.bmp', 'Diplôme d\'ingénieur en chimie (BS) de Boston College. A suivi un stage sur la vente de nourriture au détail. Engagée comme Assistante des ventes et promue ensiute Représentante de commerce.', 2),
(4, 'Peacock', 'Margaret', 'Représentant(e)', 'Mme', '1958-09-19', '1993-05-03', '4110 Old Redmond Rd.', 'Redmond', 'WA', '98052', 'Etats-Unis', '(206) 555-8122', '5176', 'EmpID4.bmp', 'Diplôme universitaire d\'Anglais (BA) de Concordia College et maîtrise de l\'American Institute of Culinary Arts. Affectée temporairement à la branche de Londres avant de retrouver son poste permanent à Seattle.', 2),
(5, 'Buchanan', 'Steven', 'Chef des ventes', 'M.', '1955-03-04', '1993-10-17', '14 Garrett Hill', 'London', '', 'SW1 8JR', 'Royaume-Uni', '(71) 555-4848', '3453', 'EmpID5.bmp', 'Diplôme de l\'Université St. Andrews (BSG), Ecosse. Avant de joindre la firme comme Représentant de commerce, passe 6 mois d\'orientation à Seattle et retourne à Londres où il est promu Chef des ventes. A suivi un stage de Commerce International et parle couramment le français.', 2),
(6, 'Suyama', 'Michael', 'Représentant(e)', 'M.', '1963-07-02', '1993-10-17', 'Coventry House\r\nMiner Rd.', 'London', '', 'EC2 7JR', 'Royaume-Uni', '(71) 555-7773', '428', 'EmpID6.bmp', 'Diplômé de l\'Université du Sussex en (MA economics) et de l\'Université de Californie de Los Angeles (MBA marketing). A également suivi des stages de Gestion d\'entreprise, Gestion Sociale et de Promotion des Ventes Internationales. Parle, écrit et lit couramment le japonais et a une bonne connaissance du français, du portugais et de l\'espagnol.', 5),
(7, 'King', 'Robert', 'Représentant(e)', 'M.', '1960-05-29', '1994-01-02', 'Edgeham Hollow\r\nWinchester Way', 'London', '', 'RG1 9SP', 'Royaume-Uni', '(71) 555-5598', '465', 'EmpID7.bmp', 'A beaucoup voyagé au sein de l\'organisation d\'aide humanitaire \"Peace Corps\" avant d\'être diplômé en Anglais à l\'Université du Michigan et de rejoindre la société. A été transféré à Londres après avoir suivi un stage intitulé \"Selling in Europe\".', 5),
(8, 'Callahan', 'Laura', 'Assistante commerciale', 'Mlle', '1958-01-09', '1994-03-05', '4726 - 11th Ave. N.E.', 'Seattle', 'WA', '98105', 'Etats-Unis', '(206) 555-1189', '2344', 'EmpID8.bmp', 'Diplôme universitaire en Psychologie (BA) de l\'Université de Washington. A également suivi un stage sur le commerce français. Lit et écrit le français.', 2),
(9, 'Dodsworth', 'Anne', 'Représentant(e)', 'Mlle', '1969-07-02', '1994-11-15', '7 Houndstooth Rd.', 'London', '', 'WG2 7LT', 'Royaume-Uni', '(71) 555-4444', '452', 'EmpID9.bmp', 'Diplôme universitaire d\'Anglais (BA) de St. Lawrence College. Parle, lit et écrit couramment le français et l\'allemand.', 5),
(555, 'test', 'test', 'test', 'test', '0000-00-00', '0000-00-00', 'test', 'test', 'test', 'tes', 'test', 'test', 'test', 'test', 'tstt', 55);

-- --------------------------------------------------------

--
-- Doublure de structure pour la vue `factures`
-- (Voir ci-dessous la vue réelle)
--
CREATE TABLE `factures` (
`Destinataire` text
,`Adresse livraison` text
,`Ville livraison` text
,`Région livraison` text
,`Code postal livraison` text
,`Pays livraison` text
,`Code client` varchar(5)
,`Société` text
,`Adresse` text
,`Ville` text
,`Région` text
,`Code postal` text
,`Pays` text
,`N° employé` int(11)
,`Vendeur` mediumtext
,`N° commande` int(11)
,`Date commande` date
,`À livrer avant` date
,`Date envoi` date
,`Nom du messager` text
,`Réf produit` int(11)
,`Nom du produit` text
,`Prix unitaire` decimal(10,2)
,`Quantité` int(11)
,`Remise (%)` decimal(13,2)
,`PrixTotal` decimal(38,8)
,`Port` decimal(10,2)
);

-- --------------------------------------------------------

--
-- Structure de la table `fournisseurs`
--

CREATE TABLE `fournisseurs` (
  `N° fournisseur` int(11) NOT NULL COMMENT 'Nombre automatiquement assigné aux nouveaux fournisseurs.',
  `Société` text NOT NULL,
  `Contact` text NOT NULL,
  `Fonction` text NOT NULL,
  `Adresse` text NOT NULL,
  `Ville` text NOT NULL,
  `Région` text NOT NULL,
  `Code postal` text NOT NULL,
  `Pays` text NOT NULL,
  `Téléphone` text NOT NULL,
  `Fax` text NOT NULL,
  `Page accueil` text NOT NULL
) ENGINE=InnoDB DEFAULT CHARSET=latin1;

--
-- Déchargement des données de la table `fournisseurs`
--

INSERT INTO `fournisseurs` (`N° fournisseur`, `Société`, `Contact`, `Fonction`, `Adresse`, `Ville`, `Région`, `Code postal`, `Pays`, `Téléphone`, `Fax`, `Page accueil`) VALUES
(1, 'Exotic Liquids', 'Charlotte Cooper', 'Assistant export', '49 Gilbert St.', 'London', '', 'EC1 4SD', 'Royaume-Uni', '(171) 555-2222', '', ''),
(2, 'Nouvelle-Orléans Cajun Delights', 'Shelley Burke', 'Acheteur', 'P.O. Box 78934', 'Nouvelle-Orléans', 'LA', '70117', 'Etats-Unis', '(100) 555-4822', '', ''),
(3, 'Grandma Kelly\'s Homestead', 'Regina Murphy', 'Représentant(e)', '707 Oxford Rd.', 'Ann Arbor', 'MI', '48104', 'Etats-Unis', '(313) 555-5735', '(313) 555-3349', ''),
(4, 'Tokyo Traders', 'Yoshi Nagase', 'Directeur du marketing', '9-8 Sekimai\r\nMusashino-shi', 'Tokyo', '', '100', 'Japon', '(03) 3555-5011', '', ''),
(5, 'Cooperativa de Quesos \'Las Cabras\'', 'Antonio del Valle Saavedra', 'Responsable export', 'Calle del Rosal 4', 'Oviedo', 'Asturias', '33007', 'Espagne', '(98) 598 76 54', '', ''),
(6, 'Mayumi\'s', 'Mayumi Ohno', 'Chef de produit', '92 Setsuko\r\nChuo-ku', 'Osaka', '', '545', 'Japon', '(06) 431-7877', '', ''),
(7, 'Pavlova, Ltd.', 'Ian Devling', 'Directeur du marketing', '74 Rose St.\r\nMoonie Ponds', 'Melbourne', 'Victoria', '3058', 'Australie', '(059) 55-5450', '(03) 444-6588', ''),
(8, 'Specialty Biscuits, Ltd.', 'Peter Wilson', 'Représentant(e)', '29 King\'s Way', 'Manchester', '', 'M14 GSD', 'Royaume-Uni', '(161) 555-4448', '', ''),
(9, 'PB Knäckebröd AB', 'Lars Peterson', 'Assistant(e) des ventes', 'Kaloadagatan 13', 'Göteborg', '', 'S-345 67', 'Suède', '031-987 65 43', '031-987 65 91', ''),
(10, 'Refrescos Americanas LTDA', 'Carlos Diaz', 'Directeur du marketing', 'Av. das Americanas 12.890', 'São Paulo', '', '5442', 'Brésil', '(11) 555 4640', '', ''),
(11, 'Heli Süßwaren GmbH & Co. KG', 'Petra Winkler', 'Chef des ventes', 'Tiergartenstraße 5', 'Berlin', '', '10785', 'Allemagne', '(010) 9984510', '', ''),
(12, 'Plutzer Lebensmittelgroßmärkte AG', 'Martin Bein', 'Directeur du marketing international', 'Bogenallee 51', 'Frankfurt', '', '60439', 'Allemagne', '(069) 992755', '', ''),
(13, 'Nord-Ost-Fisch Handelsgesellschaft mbH', 'Sven Petersen', 'Responsable export', 'Frahmredder 112a', 'Cuxhaven', '', '27478', 'Allemagne', '(04721) 8713', '(04721) 8714', ''),
(14, 'Formaggi Fortini s.r.l.', 'Elio Rossi', 'Représentant(e)', 'Viale Dante, 75', 'Ravenna', '', '48100', 'Italie', '(0544) 60323', '(0544) 60603', ''),
(15, 'Norske Meierier', 'Beate Vileid', 'Directeur du marketing', 'Hatlevegen 5', 'Sandvika', '', '1320', 'Norvège', '(0)2-953010', '', ''),
(16, 'Bigfoot Breweries', 'Cheryl Saylor', 'Responsable de zone', '3400 - 8th Avenue\r\nSuite 210', 'Bend', 'OR', '97101', 'Etats-Unis', '(503) 555-9931', '', ''),
(17, 'Svensk Sjöföda AB', 'Michael Björn', 'Représentant(e)', 'Brovallavägen 231', 'Stockholm', '', 'S-123 45', 'Suède', '08-123 45 67', '', ''),
(18, '_mise aj our', 'Guylène Nodier_mise aj our', 'France', '203, Rue des Francs-Bourgeois', 'Paris', '', '', 'France', '01.03.83.00.68', '01.03.83.00.62', ''),
(19, 'New England Seafood Cannery', 'Robb Merchant', 'Responsable de zone', 'Order Processing Dept.\r\n2100 Paul Revere Blvd.', 'Boston', 'MA', '02134', 'Etats-Unis', '(617) 555-3267', '(617) 555-3389', ''),
(20, 'Leka Trading', 'Chandra Leka', 'Propriétaire', '471 Serangoon Loop, Suite #402', 'Singapore', '', '0512', 'Singapour', '555-8787', '', ''),
(21, 'Lyngbysild', 'Niels Petersen', 'Chef des ventes', 'Lyngbysild\r\nFiskebakken 10', 'Lyngby', '', '2800', 'Danemark', '43844108', '43844115', ''),
(22, 'Zaanse Snoepfabriek', 'Dirk Luchte', 'Chef comptable', 'Verkoop\r\nRijnweg 22', 'Zaandam', '', '9999 ZZ', 'Pays-Bas', '(12345)1212', '(12345) 1210', ''),
(23, 'Karkki Oy', 'Anne Heikkonen', 'Finlande', 'Valtakatu 12', 'Lappeenranta', '', '', 'Finlande', '(953) 10956', '', ''),
(24, 'G\'day, Mate', 'Wendy Mackenzie', 'Représentant(e)', '170 Prince Edward Parade\r\nHunter\'s Hill', 'Sydney', 'NSW', '2042', 'Australie', '', '(02) 555-4873', ''),
(25, 'Ma Maison', 'Jean-Guy Lauzon', 'Directeur du marketing', '2960 Rue St. Laurent', 'Montréal', 'Québec', 'H1J 1C3', 'Canada', '(514) 555-9022', '', ''),
(26, 'Pasta Buttini s.r.l.', 'Giovanni Giudici', 'Italie', 'Via dei Gelsomini, 153', 'Salerno', '', '', 'Italie', '(089) 6547665', '(089) 6547667', ''),
(27, 'Escargots Nouveaux', 'Marie Delamare', 'Chef des ventes', '22, rue H. Voiron', 'Montceau', '', '71300', 'France', '04.85.57.00.07', '', ''),
(28, 'Gai pâturage', 'Eliane Noz', 'Représentant(e)', 'Bat. B\r\n3, rue des Alpes', 'Annecy', '', '74000', 'France', '04.38.76.98.06', '04.38.76.98.58', ''),
(29, 'Forêts d\'érables', 'Chantal Goulet', 'Chef comptable', '148 rue Chasseur', 'Ste-Hyacinthe', 'Québec', 'J2S 7S8', 'Canada', '(514) 555-2955', '(514) 555-2921', '');

-- --------------------------------------------------------

--
-- Structure de la table `messagers`
--

CREATE TABLE `messagers` (
  `N° messager` int(11) NOT NULL COMMENT 'Nombre automatiquement assigné aux nouveaux messagers.',
  `Nom du messager` text NOT NULL COMMENT 'Nom de la société de messagerie.',
  `Téléphone` text NOT NULL COMMENT 'Numéro de téléphone incluant le code du pays ou de la zone.'
) ENGINE=InnoDB DEFAULT CHARSET=latin1;

--
-- Déchargement des données de la table `messagers`
--

INSERT INTO `messagers` (`N° messager`, `Nom du messager`, `Téléphone`) VALUES
(1, 'Speedy Express', '(503) 555-9831'),
(2, 'United Package', '(503) 555-3199'),
(3, 'Federal Shipping', '(503) 555-9931');

-- --------------------------------------------------------

--
-- Structure de la table `produits`
--

CREATE TABLE `produits` (
  `Réf produit` int(11) NOT NULL COMMENT 'Numéro automatiquement assigné aux nouveaux produits.',
  `Nom du produit` text NOT NULL,
  `N° fournisseur` int(11) NOT NULL,
  `Code catégorie` int(11) NOT NULL,
  `Quantité par unité` text NOT NULL,
  `Prix unitaire` decimal(10,2) NOT NULL,
  `Unités en stock` int(11) NOT NULL,
  `Unités commandées` int(11) NOT NULL,
  `Niveau de réapprovisionnement` int(11) NOT NULL,
  `Indisponible` text NOT NULL
) ENGINE=InnoDB DEFAULT CHARSET=latin1;

--
-- Déchargement des données de la table `produits`
--

INSERT INTO `produits` (`Réf produit`, `Nom du produit`, `N° fournisseur`, `Code catégorie`, `Quantité par unité`, `Prix unitaire`, `Unités en stock`, `Unités commandées`, `Niveau de réapprovisionnement`, `Indisponible`) VALUES
(1, 'Chai', 1, 1, '10 boîtes x 20 sacs', '18.00', 39, 0, 10, 'FALSE'),
(2, 'Chang', 1, 1, '24 bouteilles (1 litre)', '19.00', 17, 40, 25, 'FALSE'),
(3, 'Aniseed Syrup', 1, 2, '12 bouteilles (550 ml)', '10.00', 13, 70, 25, 'FALSE'),
(4, 'Chef Anton\'s Cajun Seasoning', 2, 2, '48 pots (6 onces)', '22.00', 53, 0, 0, 'FALSE'),
(5, 'Chef Anton\'s Gumbo Mix', 2, 2, '36 boîtes', '21.35', 0, 0, 0, 'TRUE'),
(6, 'Grandma\'s Boysenberry Spread', 3, 2, '12 pots (8 onces)', '25.00', 120, 0, 25, 'FALSE'),
(7, 'Uncle Bob\'s Organic Dried Pears', 3, 7, '12 cartons (1 kg)', '30.00', 15, 0, 10, 'FALSE'),
(8, 'Northwoods Cranberry Sauce', 3, 2, '12 pots (12 onces)', '40.00', 6, 0, 0, 'FALSE'),
(9, 'Mishi Kobe Niku', 4, 6, '18 cartons (500 g)', '97.00', 29, 0, 0, 'TRUE'),
(10, 'Ikura', 4, 8, '12 pots (200 g)', '31.00', 31, 0, 0, 'FALSE'),
(11, 'Queso Cabrales', 5, 4, '1 carton (1 kg)', '21.00', 22, 30, 30, 'FALSE'),
(12, 'Queso Manchego La Pastora', 5, 4, '10 cartons (500 g)', '38.00', 86, 0, 0, 'FALSE'),
(13, 'Konbu', 6, 8, '1 boîtes (2 kg)', '6.00', 24, 0, 5, 'FALSE'),
(14, 'Tofu', 6, 7, '40 cartons (100 g)', '23.25', 35, 0, 0, 'FALSE'),
(15, 'Genen Shouyu', 6, 2, '24 bouteilles (250 ml)', '15.50', 39, 0, 5, 'FALSE'),
(16, 'Pavlova', 7, 3, '32 boîtes (500 g)', '17.45', 29, 0, 10, 'FALSE'),
(17, 'Alice Mutton', 7, 6, '20 boîtes (1 kg)', '39.00', 0, 0, 0, 'TRUE'),
(18, 'Carnarvon Tigers', 7, 8, '1 carton (16 kg)', '62.50', 42, 0, 0, 'FALSE'),
(19, 'Teatime Chocolate Biscuits', 8, 3, '10 boîtes x 12 pièces', '9.20', 25, 0, 5, 'FALSE'),
(20, 'Sir Rodney\'s Marmalade', 8, 3, '30 boîtes', '81.00', 40, 0, 0, 'FALSE'),
(21, 'Sir Rodney\'s Scones', 8, 3, '24 cartons x 4 pièces', '10.00', 3, 40, 5, 'FALSE'),
(22, 'Gustaf\'s Knäckebröd', 9, 5, '24 cartons (500 g)', '21.00', 104, 0, 25, 'FALSE'),
(23, 'Tunnbröd', 9, 5, '12 cartons (250 g)', '9.00', 61, 0, 25, 'FALSE'),
(24, 'Guaraná Fantástica', 10, 1, '12 canettes (355 ml)', '4.50', 20, 0, 0, 'TRUE'),
(25, 'NuNuCa Nuß-Nougat-Creme', 11, 3, '20 verres (450 g)', '14.00', 76, 0, 30, 'FALSE'),
(26, 'Gumbär Gummibärchen', 11, 3, '100 sacs (250 g)', '31.23', 15, 0, 0, 'FALSE'),
(27, 'Schoggi Schokolade', 11, 3, '100 pièces (100 g)', '43.90', 49, 0, 30, 'FALSE'),
(28, 'Rössle Sauerkraut', 12, 7, '25 canettes (825 g)', '45.60', 26, 0, 0, 'TRUE'),
(29, 'Thüringer Rostbratwurst', 12, 6, '50 sacs x 30 saucisses', '123.79', 0, 0, 0, 'TRUE'),
(30, 'Nord-Ost Matjeshering', 13, 8, '10 verres (200 g)', '25.89', 10, 0, 15, 'FALSE'),
(31, 'Gorgonzola Telino', 14, 4, '12 cartons (100 g)', '12.50', 0, 70, 20, 'FALSE'),
(32, 'Mascarpone Fabioli', 14, 4, '24 cartons (200 g)', '32.00', 9, 40, 25, 'FALSE'),
(33, 'Geitost', 15, 4, '1 carton (500 g)', '2.50', 112, 0, 20, 'FALSE'),
(34, 'Sasquatch Ale', 16, 1, '24 bouteilles (70 cl)', '14.00', 111, 0, 15, 'FALSE'),
(35, 'Steeleye Stout', 16, 1, '24 bouteilles (1 litre)', '18.00', 20, 0, 15, 'FALSE'),
(36, 'Inlagd Sill', 17, 8, '24 pots (250 g)', '19.00', 112, 0, 20, 'FALSE'),
(37, 'Gravad lax', 17, 8, '12 cartons (500 g)', '26.00', 11, 50, 25, 'FALSE'),
(38, 'Côte de Blaye', 18, 1, '12 bouteilles (75 cl)', '263.50', 17, 0, 15, 'FALSE'),
(39, 'Chartreuse verte', 18, 1, '1 bouteille (750 cc)', '18.00', 69, 0, 5, 'FALSE'),
(40, 'Boston Crab Meat', 19, 8, '24 boîtes (4 onces)', '18.40', 123, 0, 30, 'FALSE'),
(41, 'Jack\'s New England Clam Chowder', 19, 8, '12 canettes (330 ml)', '9.65', 85, 0, 10, 'FALSE'),
(42, 'Singaporean Hokkien Fried Mee', 20, 5, '32 cartons (1 kg)', '14.00', 26, 0, 0, 'TRUE'),
(43, 'Ipoh Coffee', 20, 1, '16 boîtes (500 g)', '46.00', 17, 10, 25, 'FALSE'),
(44, 'Gula Malacca', 20, 2, '20 cartons (2 kg)', '19.45', 27, 0, 15, 'FALSE'),
(45, 'Røgede sild', 21, 8, '1 carton (1kg)', '9.50', 5, 70, 15, 'FALSE'),
(46, 'Spegesild', 21, 8, '4 boîtes (250 g)', '12.00', 95, 0, 0, 'FALSE'),
(47, 'Zaanse koeken', 22, 3, '10 boîtes (4 onces)', '9.50', 36, 0, 0, 'FALSE'),
(48, 'Chocolade', 22, 3, '10 cartons', '12.75', 15, 70, 25, 'FALSE'),
(49, 'Maxilaku', 23, 3, '24 cartons (50 g)', '20.00', 10, 60, 15, 'FALSE'),
(50, 'Valkoinen suklaa', 23, 3, '12 plaquettes (100 g)', '16.25', 65, 0, 30, 'FALSE'),
(51, 'Manjimup Dried Apples', 24, 7, '50 cartons (300 g)', '53.00', 20, 0, 10, 'FALSE'),
(52, 'Filo Mix', 24, 5, '16 boîtes (2 kg)', '7.00', 38, 0, 25, 'FALSE'),
(53, 'Perth Pasties', 24, 6, '48 pièces', '32.80', 0, 0, 0, 'TRUE'),
(54, 'Tourtière', 25, 6, '16 tartes', '7.45', 21, 0, 10, 'FALSE'),
(55, 'Pâté chinois', 25, 6, '24 boîtes x 2 tartes', '24.00', 115, 0, 20, 'FALSE'),
(56, 'Gnocchi di nonna Alice', 26, 5, '24 cartons (250 g)', '38.00', 21, 10, 30, 'FALSE'),
(57, 'Ravioli Angelo', 26, 5, '24 cartons (250 g)', '19.50', 36, 0, 20, 'FALSE'),
(58, 'Escargots de Bourgogne', 27, 8, '24 pièces', '13.25', 62, 0, 20, 'FALSE'),
(59, 'Raclette Courdavault', 28, 4, '1 carton (5 kg)', '55.00', 79, 0, 0, 'FALSE'),
(60, 'Camembert Pierrot', 28, 4, '15 unités (300 g)', '34.00', 19, 0, 0, 'FALSE'),
(61, 'Sirop d\'érable', 29, 2, '24 bouteilles (500 ml)', '28.50', 113, 0, 25, 'FALSE'),
(62, 'Tarte au sucre', 29, 3, '48 tartes', '49.30', 17, 0, 0, 'FALSE'),
(63, 'Vegie-spread', 7, 2, '15 pots (625 g)', '43.90', 24, 0, 5, 'FALSE'),
(64, 'Wimmers gute Semmelknödel', 12, 5, '20 sacs x 4 pièces', '33.25', 22, 80, 30, 'FALSE'),
(65, 'Louisiana Fiery Hot Pepper Sauce', 2, 2, '32 bouteilles (8 onces)', '21.05', 76, 0, 0, 'FALSE'),
(66, 'Louisiana Hot Spiced Okra', 2, 2, '24 pots (8 onces)', '17.00', 4, 100, 20, 'FALSE'),
(67, 'Laughing Lumberjack Lager', 16, 1, '24 bouteilles (12 onces)', '14.00', 52, 0, 10, 'FALSE'),
(68, 'Scottish Longbreads', 8, 3, '10 sacs x 8 pièces', '12.50', 6, 10, 15, 'FALSE'),
(69, 'Gudbrandsdalsost', 15, 4, '1 carton (10 kg)', '36.00', 26, 0, 15, 'FALSE'),
(70, 'Outback Lager', 7, 1, '24 bouteilles (355 ml)', '15.00', 15, 10, 30, 'FALSE'),
(71, 'Fløtemysost', 15, 4, '10 cartons (500 g)', '21.50', 26, 0, 0, 'FALSE'),
(72, 'Mozzarella di Giovanni', 14, 4, '24 cartons (200 g)', '34.80', 14, 0, 0, 'FALSE'),
(73, 'Röd Kaviar', 17, 8, '24 pots (150 g)', '15.00', 101, 0, 5, 'FALSE'),
(74, 'Longlife Tofu', 4, 7, '1 carton (5 kg)', '10.00', 4, 20, 5, 'FALSE'),
(75, 'Rhönbräu Klosterbier', 12, 1, '24 bouteilles (0,5 litre)', '7.75', 125, 0, 25, 'FALSE'),
(76, 'Lakkalikööri', 23, 1, '1 bouteille (500 ml)', '18.00', 57, 0, 20, 'FALSE'),
(77, 'Original Frankfurter grüne Soße', 12, 2, '12 boîtes', '13.00', 32, 0, 15, 'FALSE'),
(78, 'Café soluble', 16, 1, '12', '2.00', 110, 2, 1, 'TRUE');

-- --------------------------------------------------------

--
-- Doublure de structure pour la vue `sous-totaux commandes`
-- (Voir ci-dessous la vue réelle)
--
CREATE TABLE `sous-totaux commandes` (
`N° commande` int(11)
,`SousTotal` decimal(60,8)
);

-- --------------------------------------------------------

--
-- Doublure de structure pour la vue `ventes pour 1997`
-- (Voir ci-dessous la vue réelle)
--
CREATE TABLE `ventes pour 1997` (
`Nom de catégorie` text
,`Nom du produit` text
,`VentesProduit` decimal(60,8)
,`TrimestreEnvoi` double
);

-- --------------------------------------------------------

--
-- Structure de la vue `factures`
--
DROP TABLE IF EXISTS `factures`;

CREATE ALGORITHM=UNDEFINED DEFINER=`root`@`localhost` SQL SECURITY DEFINER VIEW `factures`  AS  select `commandes`.`Destinataire` AS `Destinataire`,`commandes`.`Adresse livraison` AS `Adresse livraison`,`commandes`.`Ville livraison` AS `Ville livraison`,`commandes`.`Région livraison` AS `Région livraison`,`commandes`.`Code postal livraison` AS `Code postal livraison`,`commandes`.`Pays livraison` AS `Pays livraison`,`commandes`.`Code client` AS `Code client`,`clients`.`Société` AS `Société`,`clients`.`Adresse` AS `Adresse`,`clients`.`Ville` AS `Ville`,`clients`.`Région` AS `Région`,`clients`.`Code postal` AS `Code postal`,`clients`.`Pays` AS `Pays`,`employés`.`N° employé` AS `N° employé`,concat(`employés`.`Prénom`,' ',`employés`.`Nom`) AS `Vendeur`,`commandes`.`N° commande` AS `N° commande`,`commandes`.`Date commande` AS `Date commande`,`commandes`.`À livrer avant` AS `À livrer avant`,`commandes`.`Date envoi` AS `Date envoi`,`messagers`.`Nom du messager` AS `Nom du messager`,`détails commandes`.`Réf produit` AS `Réf produit`,`produits`.`Nom du produit` AS `Nom du produit`,`détails commandes`.`Prix unitaire` AS `Prix unitaire`,`détails commandes`.`Quantité` AS `Quantité`,(`détails commandes`.`Remise (%)` * 100) AS `Remise (%)`,((((`détails commandes`.`Prix unitaire` * `détails commandes`.`Quantité`) * (1 - `détails commandes`.`Remise (%)`)) / 100) * 100) AS `PrixTotal`,`commandes`.`Port` AS `Port` from (((((`produits` join `détails commandes` on((`produits`.`Réf produit` = `détails commandes`.`Réf produit`))) join `commandes` on((`commandes`.`N° commande` = `détails commandes`.`N° commande`))) join `messagers` on((`messagers`.`N° messager` = `commandes`.`N° messager`))) join `employés` on((`employés`.`N° employé` = `commandes`.`N° employé`))) join `clients` on((`clients`.`Code client` = `commandes`.`Code client`))) order by ((((`détails commandes`.`Prix unitaire` * `détails commandes`.`Quantité`) * (1 - `détails commandes`.`Remise (%)`)) / 100) * 100) ;

-- --------------------------------------------------------

--
-- Structure de la vue `sous-totaux commandes`
--
DROP TABLE IF EXISTS `sous-totaux commandes`;

CREATE ALGORITHM=UNDEFINED DEFINER=`root`@`localhost` SQL SECURITY DEFINER VIEW `sous-totaux commandes`  AS  select `détails commandes`.`N° commande` AS `N° commande`,sum(((((`détails commandes`.`Prix unitaire` * `détails commandes`.`Quantité`) * (1 - `détails commandes`.`Remise (%)`)) / 100) * 100)) AS `SousTotal` from `détails commandes` group by `détails commandes`.`N° commande` ;

-- --------------------------------------------------------

--
-- Structure de la vue `ventes pour 1997`
--
DROP TABLE IF EXISTS `ventes pour 1997`;

CREATE ALGORITHM=UNDEFINED DEFINER=`root`@`localhost` SQL SECURITY DEFINER VIEW `ventes pour 1997`  AS  select `catégories`.`Nom de catégorie` AS `Nom de catégorie`,`produits`.`Nom du produit` AS `Nom du produit`,sum(((((`détails commandes`.`Prix unitaire` * `détails commandes`.`Quantité`) * (1 - `détails commandes`.`Remise (%)`)) / 100) * 100)) AS `VentesProduit`,('Tr ' + quarter(`commandes`.`Date envoi`)) AS `TrimestreEnvoi` from (((`catégories` join `produits` on((`catégories`.`Code catégorie` = `produits`.`Code catégorie`))) join `détails commandes` on((`produits`.`Réf produit` = `détails commandes`.`Réf produit`))) join `commandes` on((`commandes`.`N° commande` = `détails commandes`.`N° commande`))) where (`commandes`.`Date envoi` between cast('1997/1/1' as date) and cast('1997/12/31' as date)) group by `catégories`.`Nom de catégorie`,`produits`.`Nom du produit`,('Tr ' + quarter(`commandes`.`Date envoi`)) order by sum(((((`détails commandes`.`Prix unitaire` * `détails commandes`.`Quantité`) * (1 - `détails commandes`.`Remise (%)`)) / 100) * 100)) ;

--
-- Index pour les tables déchargées
--

--
-- Index pour la table `catégories`
--
ALTER TABLE `catégories`
  ADD PRIMARY KEY (`Code catégorie`);

--
-- Index pour la table `clients`
--
ALTER TABLE `clients`
  ADD PRIMARY KEY (`Code client`);

--
-- Index pour la table `commandes`
--
ALTER TABLE `commandes`
  ADD PRIMARY KEY (`N° commande`),
  ADD KEY `Code client` (`Code client`),
  ADD KEY `N° employé` (`N° employé`),
  ADD KEY `N° messager` (`N° messager`);

--
-- Index pour la table `détails commandes`
--
ALTER TABLE `détails commandes`
  ADD PRIMARY KEY (`N° commande`,`Réf produit`),
  ADD KEY `FK_Produits` (`Réf produit`);

--
-- Index pour la table `employés`
--
ALTER TABLE `employés`
  ADD PRIMARY KEY (`N° employé`);

--
-- Index pour la table `fournisseurs`
--
ALTER TABLE `fournisseurs`
  ADD PRIMARY KEY (`N° fournisseur`);

--
-- Index pour la table `messagers`
--
ALTER TABLE `messagers`
  ADD PRIMARY KEY (`N° messager`);

--
-- Index pour la table `produits`
--
ALTER TABLE `produits`
  ADD PRIMARY KEY (`Réf produit`),
  ADD KEY `N° fournisseur` (`N° fournisseur`),
  ADD KEY `Code catégorie` (`Code catégorie`);

--
-- AUTO_INCREMENT pour les tables déchargées
--

--
-- AUTO_INCREMENT pour la table `catégories`
--
ALTER TABLE `catégories`
  MODIFY `Code catégorie` int(11) NOT NULL AUTO_INCREMENT COMMENT 'Code assigné automatiquement à une nouvelle catégorie.', AUTO_INCREMENT=9;
--
-- AUTO_INCREMENT pour la table `commandes`
--
ALTER TABLE `commandes`
  MODIFY `N° commande` int(11) NOT NULL AUTO_INCREMENT, AUTO_INCREMENT=11078;
--
-- AUTO_INCREMENT pour la table `employés`
--
ALTER TABLE `employés`
  MODIFY `N° employé` int(11) NOT NULL AUTO_INCREMENT COMMENT 'Numéro automatiquement assigné aux nouveaux employés.', AUTO_INCREMENT=556;
--
-- AUTO_INCREMENT pour la table `fournisseurs`
--
ALTER TABLE `fournisseurs`
  MODIFY `N° fournisseur` int(11) NOT NULL AUTO_INCREMENT COMMENT 'Nombre automatiquement assigné aux nouveaux fournisseurs.', AUTO_INCREMENT=30;
--
-- AUTO_INCREMENT pour la table `messagers`
--
ALTER TABLE `messagers`
  MODIFY `N° messager` int(11) NOT NULL AUTO_INCREMENT COMMENT 'Nombre automatiquement assigné aux nouveaux messagers.', AUTO_INCREMENT=4;
--
-- AUTO_INCREMENT pour la table `produits`
--
ALTER TABLE `produits`
  MODIFY `Réf produit` int(11) NOT NULL AUTO_INCREMENT COMMENT 'Numéro automatiquement assigné aux nouveaux produits.', AUTO_INCREMENT=79;
--
-- Contraintes pour les tables déchargées
--

--
-- Contraintes pour la table `commandes`
--
ALTER TABLE `commandes`
  ADD CONSTRAINT `FK_Clients` FOREIGN KEY (`Code client`) REFERENCES `clients` (`Code client`),
  ADD CONSTRAINT `FK_Employés` FOREIGN KEY (`N° employé`) REFERENCES `employés` (`N° employé`),
  ADD CONSTRAINT `FK_Messagers` FOREIGN KEY (`N° messager`) REFERENCES `messagers` (`N° messager`);

--
-- Contraintes pour la table `détails commandes`
--
ALTER TABLE `détails commandes`
  ADD CONSTRAINT `FK_Commandes` FOREIGN KEY (`N° commande`) REFERENCES `commandes` (`N° commande`),
  ADD CONSTRAINT `FK_Produits` FOREIGN KEY (`Réf produit`) REFERENCES `produits` (`Réf produit`);

--
-- Contraintes pour la table `produits`
--
ALTER TABLE `produits`
  ADD CONSTRAINT `FK_CodeCetégories` FOREIGN KEY (`Code catégorie`) REFERENCES `catégories` (`Code catégorie`),
  ADD CONSTRAINT `FK_Fournisseurs` FOREIGN KEY (`N° fournisseur`) REFERENCES `fournisseurs` (`N° fournisseur`);
COMMIT;

/*!40101 SET CHARACTER_SET_CLIENT=@OLD_CHARACTER_SET_CLIENT */;
/*!40101 SET CHARACTER_SET_RESULTS=@OLD_CHARACTER_SET_RESULTS */;
/*!40101 SET COLLATION_CONNECTION=@OLD_COLLATION_CONNECTION */;
